{
    "exit_gate": {
        "gate_pos": {
            "x": 512.0,
            "y": 415.0
        },
        "indicator_pos": {
            "x": 416.0,
            "y": 415.0
        }
    },
    "level_properties": {
        "background_first_color": "7495f5",
        "background_second_color": "f5fefd",
        "height": 480.0,
        "music": "DansLaRue",
        "width": 10016.0
    },
    "player_start": {
        "x": 75.0,
        "y": 408.0
    },
    "tiles": [
        {
            "id": 12,
            "page": 2,
            "position": {
                "x": 336.0,
                "y": 349.0
            }
        },
        {
            "id": 12,
            "page": 2,
            "position": {
                "x": 240.0,
                "y": 93.0
            }
        },
        {
            "id": 12,
            "page": 2,
            "position": {
                "x": 144.0,
                "y": 189.0
            }
        },
        {
            "id": 12,
            "page": 2,
            "position": {
                "x": 144.0,
                "y": 317.0
            }
        },
        {
            "id": 3,
            "page": 1,
            "position": {
                "x": 128.0,
                "y": 320.0
            }
        },
        {
            "id": 5,
            "page": 1,
            "position": {
                "x": 32.0,
                "y": 320.0
            }
        },
        {
            "end_position": {
                "x": 96.0,
                "y": 288.0
            },
            "id": 0,
            "page": 4,
            "position": {
                "x": 384.0,
                "y": 288.0
            },
            "properties": {
                "Speed": 3,
                "isFall": true,
                "isSmooth": false,
                "isWait": false
            }
        },
        {
            "end_position": {
                "x": 192.0,
                "y": 352.0
            },
            "id": 0,
            "page": 4,
            "position": {
                "x": 192.0,
                "y": 96.0
            },
            "properties": {
                "Speed": 2,
                "isFall": false,
                "isSmooth": true,
                "isWait": false
            }
        },
        {
            "id": 12,
            "page": 2,
            "position": {
                "x": 432.0,
                "y": 285.0
            }
        },
        {
            "id": 3,
            "page": 1,
            "position": {
                "x": 64.0,
                "y": 320.0
            }
        },
        {
            "id": 4,
            "page": 0,
            "position": {
                "x": 608.0,
                "y": 448.0
            }
        },
        {
            "id": 4,
            "page": 0,
            "position": {
                "x": 576.0,
                "y": 448.0
            }
        },
        {
            "id": 4,
            "page": 0,
            "position": {
                "x": 544.0,
                "y": 448.0
            }
        },
        {
            "id": 4,
            "page": 0,
            "position": {
                "x": 512.0,
                "y": 448.0
            }
        },
        {
            "id": 4,
            "page": 0,
            "position": {
                "x": 480.0,
                "y": 448.0
            }
        },
        {
            "id": 4,
            "page": 0,
            "position": {
                "x": 416.0,
                "y": 448.0
            }
        },
        {
            "id": 4,
            "page": 0,
            "position": {
                "x": 352.0,
                "y": 448.0
            }
        },
        {
            "id": 5,
            "page": 1,
            "position": {
                "x": 96.0,
                "y": 320.0
            }
        },
        {
            "id": 4,
            "page": 0,
            "position": {
                "x": 288.0,
                "y": 448.0
            }
        },
        {
            "id": 4,
            "page": 0,
            "position": {
                "x": 224.0,
                "y": 448.0
            }
        },
        {
            "id": 4,
            "page": 0,
            "position": {
                "x": 160.0,
                "y": 448.0
            }
        },
        {
            "id": 4,
            "page": 0,
            "position": {
                "x": 128.0,
                "y": 448.0
            }
        },
        {
            "id": 4,
            "page": 0,
            "position": {
                "x": 96.0,
                "y": 448.0
            }
        },
        {
            "id": 4,
            "page": 0,
            "position": {
                "x": 384.0,
                "y": 448.0
            }
        },
        {
            "id": 4,
            "page": 0,
            "position": {
                "x": 64.0,
                "y": 448.0
            }
        },
        {
            "id": 4,
            "page": 0,
            "position": {
                "x": 192.0,
                "y": 448.0
            }
        },
        {
            "id": 1,
            "page": 0,
            "position": {
                "x": 608.0,
                "y": 416.0
            }
        },
        {
            "id": 1,
            "page": 0,
            "position": {
                "x": 576.0,
                "y": 416.0
            }
        },
        {
            "id": 3,
            "page": 1,
            "position": {
                "x": 0.0,
                "y": 320.0
            }
        },
        {
            "id": 1,
            "page": 0,
            "position": {
                "x": 544.0,
                "y": 416.0
            }
        },
        {
            "id": 4,
            "page": 0,
            "position": {
                "x": 320.0,
                "y": 448.0
            }
        },
        {
            "id": 1,
            "page": 0,
            "position": {
                "x": 480.0,
                "y": 416.0
            }
        },
        {
            "id": 4,
            "page": 0,
            "position": {
                "x": 448.0,
                "y": 448.0
            }
        },
        {
            "id": 4,
            "page": 0,
            "position": {
                "x": 32.0,
                "y": 448.0
            }
        },
        {
            "id": 1,
            "page": 0,
            "position": {
                "x": 448.0,
                "y": 416.0
            }
        },
        {
            "id": 1,
            "page": 0,
            "position": {
                "x": 416.0,
                "y": 416.0
            }
        },
        {
            "end_position": {
                "x": 288.0,
                "y": 96.0
            },
            "id": 0,
            "page": 4,
            "position": {
                "x": 288.0,
                "y": 352.0
            },
            "properties": {
                "Speed": 2,
                "isFall": false,
                "isSmooth": true,
                "isWait": false
            }
        },
        {
            "id": 1,
            "page": 0,
            "position": {
                "x": 384.0,
                "y": 416.0
            }
        },
        {
            "end_position": {
                "x": 384.0,
                "y": 192.0
            },
            "id": 0,
            "page": 4,
            "position": {
                "x": 96.0,
                "y": 192.0
            },
            "properties": {
                "Speed": 3,
                "isFall": true,
                "isSmooth": false,
                "isWait": false
            }
        },
        {
            "id": 1,
            "page": 0,
            "position": {
                "x": 352.0,
                "y": 416.0
            }
        },
        {
            "id": 1,
            "page": 0,
            "position": {
                "x": 320.0,
                "y": 416.0
            }
        },
        {
            "id": 1,
            "page": 0,
            "position": {
                "x": 288.0,
                "y": 416.0
            }
        },
        {
            "id": 1,
            "page": 0,
            "position": {
                "x": 256.0,
                "y": 416.0
            }
        },
        {
            "id": 4,
            "page": 0,
            "position": {
                "x": 256.0,
                "y": 448.0
            }
        },
        {
            "id": 1,
            "page": 0,
            "position": {
                "x": 224.0,
                "y": 416.0
            }
        },
        {
            "id": 1,
            "page": 0,
            "position": {
                "x": 192.0,
                "y": 416.0
            }
        },
        {
            "id": 1,
            "page": 0,
            "position": {
                "x": 128.0,
                "y": 416.0
            }
        },
        {
            "id": 1,
            "page": 0,
            "position": {
                "x": 96.0,
                "y": 416.0
            }
        },
        {
            "id": 4,
            "page": 0,
            "position": {
                "x": 0.0,
                "y": 448.0
            }
        },
        {
            "id": 1,
            "page": 0,
            "position": {
                "x": 512.0,
                "y": 416.0
            }
        },
        {
            "id": 1,
            "page": 0,
            "position": {
                "x": 64.0,
                "y": 416.0
            }
        },
        {
            "id": 1,
            "page": 0,
            "position": {
                "x": 160.0,
                "y": 416.0
            }
        },
        {
            "id": 1,
            "page": 0,
            "position": {
                "x": 32.0,
                "y": 416.0
            }
        },
        {
            "id": 1,
            "page": 0,
            "position": {
                "x": 0.0,
                "y": 416.0
            }
        }
    ]
}