{
    "backgrounds": [],
    "exit_gate": {
        "gate_pos": {
            "x": 4832.0,
            "y": 415.0
        },
        "indicator_pos": {
            "x": 4672.0,
            "y": 415.0
        }
    },
    "level_properties": {
        "background_first_color": {
            "a": 1.0,
            "b": 0.9607843160629272,
            "g": 0.5843137502670288,
            "r": 0.45490196347236633
        },
        "background_second_color": {
            "a": 1.0,
            "b": 0.9921568632125854,
            "g": 0.9960784316062927,
            "r": 0.9607843160629272
        },
        "height": 480.0,
        "music": "DansLaRue",
        "width": 5024.0
    },
    "player_start": {
        "x": 139.0,
        "y": 408.0
    },
    "tiles": [
        {
            "id": 4,
            "page": 0,
            "position": {
                "x": 4992.0,
                "y": 448.0
            }
        },
        {
            "id": 4,
            "page": 0,
            "position": {
                "x": 4960.0,
                "y": 448.0
            }
        },
        {
            "id": 4,
            "page": 0,
            "position": {
                "x": 4896.0,
                "y": 448.0
            }
        },
        {
            "id": 4,
            "page": 0,
            "position": {
                "x": 4832.0,
                "y": 448.0
            }
        },
        {
            "id": 4,
            "page": 0,
            "position": {
                "x": 4800.0,
                "y": 448.0
            }
        },
        {
            "id": 4,
            "page": 0,
            "position": {
                "x": 4736.0,
                "y": 448.0
            }
        },
        {
            "id": 4,
            "page": 0,
            "position": {
                "x": 4640.0,
                "y": 448.0
            }
        },
        {
            "id": 4,
            "page": 0,
            "position": {
                "x": 4576.0,
                "y": 448.0
            }
        },
        {
            "id": 6,
            "page": 0,
            "position": {
                "x": 5120.0,
                "y": 448.0
            }
        },
        {
            "id": 6,
            "page": 0,
            "position": {
                "x": 5120.0,
                "y": 0.0
            }
        },
        {
            "id": 6,
            "page": 0,
            "position": {
                "x": 5120.0,
                "y": 64.0
            }
        },
        {
            "id": 6,
            "page": 0,
            "position": {
                "x": 5120.0,
                "y": 96.0
            }
        },
        {
            "id": 6,
            "page": 0,
            "position": {
                "x": 5120.0,
                "y": 128.0
            }
        },
        {
            "id": 6,
            "page": 0,
            "position": {
                "x": 5120.0,
                "y": 192.0
            }
        },
        {
            "id": 6,
            "page": 0,
            "position": {
                "x": 5120.0,
                "y": 224.0
            }
        },
        {
            "id": 6,
            "page": 0,
            "position": {
                "x": 5120.0,
                "y": 288.0
            }
        },
        {
            "id": 6,
            "page": 0,
            "position": {
                "x": 5120.0,
                "y": 352.0
            }
        },
        {
            "id": 6,
            "page": 0,
            "position": {
                "x": 5120.0,
                "y": 384.0
            }
        },
        {
            "id": 6,
            "page": 0,
            "position": {
                "x": 5056.0,
                "y": 416.0
            }
        },
        {
            "id": 1,
            "page": 0,
            "position": {
                "x": 4992.0,
                "y": 416.0
            }
        },
        {
            "id": 1,
            "page": 0,
            "position": {
                "x": 4896.0,
                "y": 416.0
            }
        },
        {
            "id": 1,
            "page": 0,
            "position": {
                "x": 4832.0,
                "y": 416.0
            }
        },
        {
            "id": 1,
            "page": 0,
            "position": {
                "x": 4800.0,
                "y": 416.0
            }
        },
        {
            "id": 1,
            "page": 0,
            "position": {
                "x": 4768.0,
                "y": 416.0
            }
        },
        {
            "id": 1,
            "page": 0,
            "position": {
                "x": 4640.0,
                "y": 416.0
            }
        },
        {
            "id": 1,
            "page": 0,
            "position": {
                "x": 4672.0,
                "y": 416.0
            }
        },
        {
            "id": 1,
            "page": 0,
            "position": {
                "x": 4608.0,
                "y": 416.0
            }
        },
        {
            "id": 1,
            "page": 0,
            "position": {
                "x": 4544.0,
                "y": 416.0
            }
        },
        {
            "id": 0,
            "page": 0,
            "position": {
                "x": 4512.0,
                "y": 416.0
            }
        },
        {
            "id": 4,
            "page": 2,
            "position": {
                "x": 4416.0,
                "y": 383.0
            }
        },
        {
            "id": 6,
            "page": 0,
            "position": {
                "x": 4416.0,
                "y": 512.0
            }
        },
        {
            "id": 6,
            "page": 0,
            "position": {
                "x": 4384.0,
                "y": 512.0
            }
        },
        {
            "id": 6,
            "page": 0,
            "position": {
                "x": 4384.0,
                "y": 480.0
            }
        },
        {
            "id": 10,
            "page": 0,
            "position": {
                "x": 4416.0,
                "y": 448.0
            }
        },
        {
            "id": 10,
            "page": 0,
            "position": {
                "x": 4416.0,
                "y": 416.0
            }
        },
        {
            "id": 9,
            "page": 0,
            "position": {
                "x": 4384.0,
                "y": 448.0
            }
        },
        {
            "id": 9,
            "page": 0,
            "position": {
                "x": 4384.0,
                "y": 416.0
            }
        },
        {
            "id": 7,
            "page": 0,
            "position": {
                "x": 4384.0,
                "y": 384.0
            }
        },
        {
            "id": 6,
            "page": 0,
            "position": {
                "x": 4448.0,
                "y": 384.0
            }
        },
        {
            "id": 4,
            "page": 2,
            "position": {
                "x": 4224.0,
                "y": 319.0
            }
        },
        {
            "id": 4,
            "page": 2,
            "position": {
                "x": 4000.0,
                "y": 351.0
            }
        },
        {
            "id": 6,
            "page": 0,
            "position": {
                "x": 3968.0,
                "y": 480.0
            }
        },
        {
            "id": 4,
            "page": 0,
            "position": {
                "x": 4672.0,
                "y": 448.0
            }
        },
        {
            "id": 6,
            "page": 0,
            "position": {
                "x": 4224.0,
                "y": 512.0
            }
        },
        {
            "id": 6,
            "page": 0,
            "position": {
                "x": 4192.0,
                "y": 512.0
            }
        },
        {
            "id": 6,
            "page": 0,
            "position": {
                "x": 4192.0,
                "y": 480.0
            }
        },
        {
            "id": 10,
            "page": 0,
            "position": {
                "x": 4224.0,
                "y": 384.0
            }
        },
        {
            "id": 10,
            "page": 0,
            "position": {
                "x": 4000.0,
                "y": 448.0
            }
        },
        {
            "id": 4,
            "page": 0,
            "position": {
                "x": 4928.0,
                "y": 448.0
            }
        },
        {
            "id": 10,
            "page": 0,
            "position": {
                "x": 4000.0,
                "y": 384.0
            }
        },
        {
            "id": 10,
            "page": 0,
            "position": {
                "x": 4000.0,
                "y": 416.0
            }
        },
        {
            "id": 9,
            "page": 0,
            "position": {
                "x": 4192.0,
                "y": 416.0
            }
        },
        {
            "id": 9,
            "page": 0,
            "position": {
                "x": 4192.0,
                "y": 384.0
            }
        },
        {
            "id": 9,
            "page": 0,
            "position": {
                "x": 3968.0,
                "y": 416.0
            }
        },
        {
            "id": 9,
            "page": 0,
            "position": {
                "x": 3968.0,
                "y": 384.0
            }
        },
        {
            "id": 8,
            "page": 0,
            "position": {
                "x": 4000.0,
                "y": 352.0
            }
        },
        {
            "id": 7,
            "page": 0,
            "position": {
                "x": 4192.0,
                "y": 320.0
            }
        },
        {
            "id": 6,
            "page": 0,
            "position": {
                "x": 5024.0,
                "y": 416.0
            }
        },
        {
            "id": 7,
            "page": 0,
            "position": {
                "x": 3968.0,
                "y": 352.0
            }
        },
        {
            "id": 6,
            "page": 0,
            "position": {
                "x": 4256.0,
                "y": 320.0
            }
        },
        {
            "id": 6,
            "page": 0,
            "position": {
                "x": 4032.0,
                "y": 352.0
            }
        },
        {
            "id": 4,
            "page": 0,
            "position": {
                "x": 2560.0,
                "y": 448.0
            }
        },
        {
            "id": 1,
            "page": 0,
            "position": {
                "x": 1760.0,
                "y": 416.0
            }
        },
        {
            "id": 1,
            "page": 0,
            "position": {
                "x": 1696.0,
                "y": 416.0
            }
        },
        {
            "id": 6,
            "page": 0,
            "position": {
                "x": 4160.0,
                "y": 320.0
            }
        },
        {
            "id": 1,
            "page": 0,
            "position": {
                "x": 3680.0,
                "y": 416.0
            }
        },
        {
            "id": 0,
            "page": 2,
            "position": {
                "x": 2799.0,
                "y": 415.0
            }
        },
        {
            "id": 9,
            "page": 0,
            "position": {
                "x": 1504.0,
                "y": 384.0
            }
        },
        {
            "id": 8,
            "page": 0,
            "position": {
                "x": 1536.0,
                "y": 352.0
            }
        },
        {
            "id": 4,
            "page": 0,
            "position": {
                "x": 544.0,
                "y": 448.0
            }
        },
        {
            "id": 6,
            "page": 0,
            "position": {
                "x": 5120.0,
                "y": 416.0
            }
        },
        {
            "id": 7,
            "page": 0,
            "position": {
                "x": 1504.0,
                "y": 352.0
            }
        },
        {
            "id": 4,
            "page": 0,
            "position": {
                "x": 1472.0,
                "y": 448.0
            }
        },
        {
            "id": 4,
            "page": 0,
            "position": {
                "x": 1568.0,
                "y": 448.0
            }
        },
        {
            "id": 1,
            "page": 0,
            "position": {
                "x": 1728.0,
                "y": 416.0
            }
        },
        {
            "id": 1,
            "page": 0,
            "position": {
                "x": 1408.0,
                "y": 416.0
            }
        },
        {
            "id": 8,
            "page": 0,
            "position": {
                "x": 4416.0,
                "y": 384.0
            }
        },
        {
            "id": 4,
            "page": 0,
            "position": {
                "x": 1440.0,
                "y": 448.0
            }
        },
        {
            "id": 10,
            "page": 0,
            "position": {
                "x": 1344.0,
                "y": 352.0
            }
        },
        {
            "id": 4,
            "page": 0,
            "position": {
                "x": 512.0,
                "y": 448.0
            }
        },
        {
            "id": 1,
            "page": 0,
            "position": {
                "x": 4864.0,
                "y": 416.0
            }
        },
        {
            "id": 6,
            "page": 0,
            "position": {
                "x": 4352.0,
                "y": 384.0
            }
        },
        {
            "id": 10,
            "page": 0,
            "position": {
                "x": 1792.0,
                "y": 352.0
            }
        },
        {
            "id": 4,
            "page": 0,
            "position": {
                "x": 160.0,
                "y": 448.0
            }
        },
        {
            "id": 4,
            "page": 0,
            "position": {
                "x": 3584.0,
                "y": 448.0
            }
        },
        {
            "id": 10,
            "page": 0,
            "position": {
                "x": 1344.0,
                "y": 320.0
            }
        },
        {
            "id": 9,
            "page": 0,
            "position": {
                "x": 1312.0,
                "y": 352.0
            }
        },
        {
            "id": 4,
            "page": 0,
            "position": {
                "x": 864.0,
                "y": 416.0
            }
        },
        {
            "id": 4,
            "page": 0,
            "position": {
                "x": 3296.0,
                "y": 448.0
            }
        },
        {
            "id": 4,
            "page": 0,
            "position": {
                "x": 1344.0,
                "y": 448.0
            }
        },
        {
            "id": 0,
            "page": 2,
            "position": {
                "x": 1263.0,
                "y": 415.0
            }
        },
        {
            "id": 5,
            "page": 0,
            "position": {
                "x": 608.0,
                "y": 448.0
            }
        },
        {
            "id": 0,
            "page": 2,
            "position": {
                "x": 1455.0,
                "y": 415.0
            }
        },
        {
            "id": 6,
            "page": 0,
            "position": {
                "x": 2272.0,
                "y": 448.0
            }
        },
        {
            "id": 4,
            "page": 0,
            "position": {
                "x": 1312.0,
                "y": 448.0
            }
        },
        {
            "id": 1,
            "page": 0,
            "position": {
                "x": 768.0,
                "y": 384.0
            }
        },
        {
            "id": 1,
            "page": 0,
            "position": {
                "x": 1312.0,
                "y": 416.0
            }
        },
        {
            "id": 4,
            "page": 0,
            "position": {
                "x": 1120.0,
                "y": 448.0
            }
        },
        {
            "id": 6,
            "page": 0,
            "position": {
                "x": 4224.0,
                "y": 480.0
            }
        },
        {
            "id": 4,
            "page": 0,
            "position": {
                "x": 1152.0,
                "y": 448.0
            }
        },
        {
            "id": 4,
            "page": 0,
            "position": {
                "x": 4768.0,
                "y": 448.0
            }
        },
        {
            "id": 9,
            "page": 0,
            "position": {
                "x": 3968.0,
                "y": 448.0
            }
        },
        {
            "id": 1,
            "page": 0,
            "position": {
                "x": 1536.0,
                "y": 416.0
            }
        },
        {
            "id": 1,
            "page": 0,
            "position": {
                "x": 2496.0,
                "y": 416.0
            }
        },
        {
            "id": 1,
            "page": 0,
            "position": {
                "x": 4928.0,
                "y": 416.0
            }
        },
        {
            "id": 1,
            "page": 0,
            "position": {
                "x": 2528.0,
                "y": 416.0
            }
        },
        {
            "id": 1,
            "page": 0,
            "position": {
                "x": 4704.0,
                "y": 416.0
            }
        },
        {
            "id": 1,
            "page": 0,
            "position": {
                "x": 1184.0,
                "y": 416.0
            }
        },
        {
            "id": 1,
            "page": 0,
            "position": {
                "x": 864.0,
                "y": 384.0
            }
        },
        {
            "id": 4,
            "page": 0,
            "position": {
                "x": 3552.0,
                "y": 448.0
            }
        },
        {
            "id": 1,
            "page": 0,
            "position": {
                "x": 3232.0,
                "y": 416.0
            }
        },
        {
            "id": 4,
            "page": 2,
            "position": {
                "x": 1536.0,
                "y": 351.0
            }
        },
        {
            "id": 9,
            "page": 0,
            "position": {
                "x": 1312.0,
                "y": 320.0
            }
        },
        {
            "id": 6,
            "page": 0,
            "position": {
                "x": 608.0,
                "y": 480.0
            }
        },
        {
            "id": 4,
            "page": 0,
            "position": {
                "x": 2496.0,
                "y": 448.0
            }
        },
        {
            "id": 9,
            "page": 0,
            "position": {
                "x": 4192.0,
                "y": 448.0
            }
        },
        {
            "id": 6,
            "page": 0,
            "position": {
                "x": 2176.0,
                "y": 448.0
            }
        },
        {
            "id": 4,
            "page": 0,
            "position": {
                "x": 1248.0,
                "y": 448.0
            }
        },
        {
            "id": 6,
            "page": 0,
            "position": {
                "x": 2176.0,
                "y": 480.0
            }
        },
        {
            "id": 6,
            "page": 0,
            "position": {
                "x": 608.0,
                "y": 512.0
            }
        },
        {
            "id": 4,
            "page": 0,
            "position": {
                "x": 3264.0,
                "y": 448.0
            }
        },
        {
            "id": 4,
            "page": 0,
            "position": {
                "x": 480.0,
                "y": 448.0
            }
        },
        {
            "id": 4,
            "page": 0,
            "position": {
                "x": 1504.0,
                "y": 448.0
            }
        },
        {
            "id": 4,
            "page": 0,
            "position": {
                "x": 64.0,
                "y": 448.0
            }
        },
        {
            "id": 6,
            "page": 0,
            "position": {
                "x": 736.0,
                "y": 480.0
            }
        },
        {
            "id": 1,
            "page": 0,
            "position": {
                "x": 4960.0,
                "y": 416.0
            }
        },
        {
            "id": 1,
            "page": 0,
            "position": {
                "x": 1472.0,
                "y": 416.0
            }
        },
        {
            "id": 4,
            "page": 0,
            "position": {
                "x": 1184.0,
                "y": 448.0
            }
        },
        {
            "id": 2,
            "page": 0,
            "position": {
                "x": 608.0,
                "y": 416.0
            }
        },
        {
            "id": 1,
            "page": 0,
            "position": {
                "x": 1152.0,
                "y": 416.0
            }
        },
        {
            "id": 8,
            "page": 0,
            "position": {
                "x": 4224.0,
                "y": 320.0
            }
        },
        {
            "id": 1,
            "page": 0,
            "position": {
                "x": 1792.0,
                "y": 416.0
            }
        },
        {
            "id": 6,
            "page": 0,
            "position": {
                "x": 4416.0,
                "y": 480.0
            }
        },
        {
            "id": 4,
            "page": 0,
            "position": {
                "x": 384.0,
                "y": 448.0
            }
        },
        {
            "id": 4,
            "page": 0,
            "position": {
                "x": 192.0,
                "y": 448.0
            }
        },
        {
            "id": 0,
            "page": 0,
            "position": {
                "x": 3104.0,
                "y": 416.0
            }
        },
        {
            "id": 4,
            "page": 0,
            "position": {
                "x": 2592.0,
                "y": 448.0
            }
        },
        {
            "id": 4,
            "page": 0,
            "position": {
                "x": 576.0,
                "y": 448.0
            }
        },
        {
            "id": 1,
            "page": 0,
            "position": {
                "x": 3168.0,
                "y": 416.0
            }
        },
        {
            "id": 0,
            "page": 0,
            "position": {
                "x": 736.0,
                "y": 384.0
            }
        },
        {
            "id": 6,
            "page": 0,
            "position": {
                "x": 1056.0,
                "y": 512.0
            }
        },
        {
            "id": 6,
            "page": 0,
            "position": {
                "x": 3776.0,
                "y": 384.0
            }
        },
        {
            "id": 6,
            "page": 0,
            "position": {
                "x": 4000.0,
                "y": 480.0
            }
        },
        {
            "id": 1,
            "page": 0,
            "position": {
                "x": 480.0,
                "y": 416.0
            }
        },
        {
            "id": 1,
            "page": 0,
            "position": {
                "x": 1568.0,
                "y": 416.0
            }
        },
        {
            "id": 4,
            "page": 0,
            "position": {
                "x": 1376.0,
                "y": 448.0
            }
        },
        {
            "id": 6,
            "page": 0,
            "position": {
                "x": 3104.0,
                "y": 480.0
            }
        },
        {
            "id": 4,
            "page": 0,
            "position": {
                "x": 800.0,
                "y": 416.0
            }
        },
        {
            "id": 6,
            "page": 0,
            "position": {
                "x": 1056.0,
                "y": 384.0
            }
        },
        {
            "id": 4,
            "page": 0,
            "position": {
                "x": 1088.0,
                "y": 448.0
            }
        },
        {
            "id": 1,
            "page": 0,
            "position": {
                "x": 96.0,
                "y": 416.0
            }
        },
        {
            "id": 4,
            "page": 0,
            "position": {
                "x": 1216.0,
                "y": 448.0
            }
        },
        {
            "id": 1,
            "page": 0,
            "position": {
                "x": 1088.0,
                "y": 416.0
            }
        },
        {
            "id": 4,
            "page": 0,
            "position": {
                "x": 448.0,
                "y": 448.0
            }
        },
        {
            "id": 1,
            "page": 0,
            "position": {
                "x": 1280.0,
                "y": 416.0
            }
        },
        {
            "id": 1,
            "page": 0,
            "position": {
                "x": 448.0,
                "y": 416.0
            }
        },
        {
            "id": 4,
            "page": 0,
            "position": {
                "x": 3680.0,
                "y": 448.0
            }
        },
        {
            "id": 4,
            "page": 0,
            "position": {
                "x": 832.0,
                "y": 448.0
            }
        },
        {
            "id": 4,
            "page": 0,
            "position": {
                "x": 1408.0,
                "y": 448.0
            }
        },
        {
            "id": 6,
            "page": 0,
            "position": {
                "x": 5152.0,
                "y": 416.0
            }
        },
        {
            "id": 4,
            "page": 0,
            "position": {
                "x": 3648.0,
                "y": 448.0
            }
        },
        {
            "id": 0,
            "page": 2,
            "position": {
                "x": 911.0,
                "y": 383.0
            }
        },
        {
            "id": 1,
            "page": 0,
            "position": {
                "x": 416.0,
                "y": 416.0
            }
        },
        {
            "id": 4,
            "page": 0,
            "position": {
                "x": 3424.0,
                "y": 448.0
            }
        },
        {
            "id": 9,
            "page": 0,
            "position": {
                "x": 1312.0,
                "y": 384.0
            }
        },
        {
            "id": 4,
            "page": 0,
            "position": {
                "x": 2528.0,
                "y": 448.0
            }
        },
        {
            "id": 0,
            "page": 0,
            "position": {
                "x": 1056.0,
                "y": 416.0
            }
        },
        {
            "id": 1,
            "page": 0,
            "position": {
                "x": 512.0,
                "y": 416.0
            }
        },
        {
            "id": 1,
            "page": 0,
            "position": {
                "x": 64.0,
                "y": 416.0
            }
        },
        {
            "id": 1,
            "page": 0,
            "position": {
                "x": 1376.0,
                "y": 416.0
            }
        },
        {
            "id": 1,
            "page": 0,
            "position": {
                "x": 2464.0,
                "y": 416.0
            }
        },
        {
            "id": 4,
            "page": 0,
            "position": {
                "x": 320.0,
                "y": 448.0
            }
        },
        {
            "id": 4,
            "page": 0,
            "position": {
                "x": 0.0,
                "y": 448.0
            }
        },
        {
            "id": 1,
            "page": 0,
            "position": {
                "x": 352.0,
                "y": 416.0
            }
        },
        {
            "id": 6,
            "page": 0,
            "position": {
                "x": 2080.0,
                "y": 384.0
            }
        },
        {
            "id": 4,
            "page": 0,
            "position": {
                "x": 3232.0,
                "y": 448.0
            }
        },
        {
            "id": 1,
            "page": 0,
            "position": {
                "x": 288.0,
                "y": 416.0
            }
        },
        {
            "id": 9,
            "page": 0,
            "position": {
                "x": 1760.0,
                "y": 384.0
            }
        },
        {
            "id": 4,
            "page": 0,
            "position": {
                "x": 3168.0,
                "y": 448.0
            }
        },
        {
            "id": 1,
            "page": 0,
            "position": {
                "x": 1600.0,
                "y": 416.0
            }
        },
        {
            "id": 1,
            "page": 0,
            "position": {
                "x": 224.0,
                "y": 416.0
            }
        },
        {
            "id": 4,
            "page": 0,
            "position": {
                "x": 4544.0,
                "y": 448.0
            }
        },
        {
            "id": 3,
            "page": 0,
            "position": {
                "x": 2432.0,
                "y": 448.0
            }
        },
        {
            "id": 1,
            "page": 0,
            "position": {
                "x": 1216.0,
                "y": 416.0
            }
        },
        {
            "id": 2,
            "page": 0,
            "position": {
                "x": 2912.0,
                "y": 416.0
            }
        },
        {
            "id": 1,
            "page": 0,
            "position": {
                "x": 320.0,
                "y": 416.0
            }
        },
        {
            "id": 8,
            "page": 0,
            "position": {
                "x": 1344.0,
                "y": 288.0
            }
        },
        {
            "id": 3,
            "page": 0,
            "position": {
                "x": 3104.0,
                "y": 448.0
            }
        },
        {
            "id": 7,
            "page": 0,
            "position": {
                "x": 1760.0,
                "y": 320.0
            }
        },
        {
            "id": 1,
            "page": 0,
            "position": {
                "x": 384.0,
                "y": 416.0
            }
        },
        {
            "id": 1,
            "page": 0,
            "position": {
                "x": 128.0,
                "y": 416.0
            }
        },
        {
            "id": 1,
            "page": 0,
            "position": {
                "x": 1632.0,
                "y": 416.0
            }
        },
        {
            "id": 1,
            "page": 0,
            "position": {
                "x": 832.0,
                "y": 384.0
            }
        },
        {
            "id": 1,
            "page": 0,
            "position": {
                "x": 3520.0,
                "y": 416.0
            }
        },
        {
            "id": 4,
            "page": 0,
            "position": {
                "x": 2848.0,
                "y": 448.0
            }
        },
        {
            "id": 2,
            "page": 2,
            "position": {
                "x": 3408.0,
                "y": 413.0
            }
        },
        {
            "id": 4,
            "page": 0,
            "position": {
                "x": 4864.0,
                "y": 448.0
            }
        },
        {
            "id": 1,
            "page": 0,
            "position": {
                "x": 160.0,
                "y": 416.0
            }
        },
        {
            "id": 9,
            "page": 0,
            "position": {
                "x": 4192.0,
                "y": 352.0
            }
        },
        {
            "id": 1,
            "page": 0,
            "position": {
                "x": 544.0,
                "y": 416.0
            }
        },
        {
            "id": 6,
            "page": 0,
            "position": {
                "x": 3776.0,
                "y": 512.0
            }
        },
        {
            "id": 10,
            "page": 0,
            "position": {
                "x": 4224.0,
                "y": 416.0
            }
        },
        {
            "id": 1,
            "page": 0,
            "position": {
                "x": 0.0,
                "y": 416.0
            }
        },
        {
            "id": 4,
            "page": 0,
            "position": {
                "x": 3744.0,
                "y": 448.0
            }
        },
        {
            "id": 1,
            "page": 0,
            "position": {
                "x": 576.0,
                "y": 416.0
            }
        },
        {
            "id": 4,
            "page": 0,
            "position": {
                "x": 3520.0,
                "y": 448.0
            }
        },
        {
            "id": 6,
            "page": 0,
            "position": {
                "x": 3936.0,
                "y": 352.0
            }
        },
        {
            "id": 3,
            "page": 0,
            "position": {
                "x": 736.0,
                "y": 448.0
            }
        },
        {
            "id": 4,
            "page": 0,
            "position": {
                "x": 288.0,
                "y": 448.0
            }
        },
        {
            "id": 1,
            "page": 0,
            "position": {
                "x": 1120.0,
                "y": 416.0
            }
        },
        {
            "id": 9,
            "page": 0,
            "position": {
                "x": 1760.0,
                "y": 352.0
            }
        },
        {
            "id": 5,
            "page": 0,
            "position": {
                "x": 896.0,
                "y": 448.0
            }
        },
        {
            "id": 4,
            "page": 0,
            "position": {
                "x": 768.0,
                "y": 448.0
            }
        },
        {
            "id": 4,
            "page": 0,
            "position": {
                "x": 128.0,
                "y": 448.0
            }
        },
        {
            "id": 4,
            "page": 0,
            "position": {
                "x": 96.0,
                "y": 448.0
            }
        },
        {
            "id": 1,
            "page": 0,
            "position": {
                "x": 4736.0,
                "y": 416.0
            }
        },
        {
            "id": 4,
            "page": 0,
            "position": {
                "x": 1536.0,
                "y": 448.0
            }
        },
        {
            "id": 7,
            "page": 0,
            "position": {
                "x": 1312.0,
                "y": 288.0
            }
        },
        {
            "id": 3,
            "page": 0,
            "position": {
                "x": 1056.0,
                "y": 448.0
            }
        },
        {
            "id": 3,
            "page": 0,
            "position": {
                "x": 4512.0,
                "y": 448.0
            }
        },
        {
            "id": 6,
            "page": 0,
            "position": {
                "x": 2176.0,
                "y": 384.0
            }
        },
        {
            "id": 8,
            "page": 0,
            "position": {
                "x": 1792.0,
                "y": 320.0
            }
        },
        {
            "id": 1,
            "page": 0,
            "position": {
                "x": 2656.0,
                "y": 416.0
            }
        },
        {
            "id": 1,
            "page": 0,
            "position": {
                "x": 4576.0,
                "y": 416.0
            }
        },
        {
            "id": 4,
            "page": 0,
            "position": {
                "x": 864.0,
                "y": 448.0
            }
        },
        {
            "id": 4,
            "page": 0,
            "position": {
                "x": 1600.0,
                "y": 448.0
            }
        },
        {
            "id": 2,
            "page": 0,
            "position": {
                "x": 896.0,
                "y": 384.0
            }
        },
        {
            "id": 6,
            "page": 0,
            "position": {
                "x": 1056.0,
                "y": 352.0
            }
        },
        {
            "id": 1,
            "page": 0,
            "position": {
                "x": 800.0,
                "y": 384.0
            }
        },
        {
            "id": 1,
            "page": 0,
            "position": {
                "x": 3328.0,
                "y": 416.0
            }
        },
        {
            "id": 6,
            "page": 0,
            "position": {
                "x": 5120.0,
                "y": 320.0
            }
        },
        {
            "id": 1,
            "page": 0,
            "position": {
                "x": 3584.0,
                "y": 416.0
            }
        },
        {
            "id": 1,
            "page": 0,
            "position": {
                "x": 192.0,
                "y": 416.0
            }
        },
        {
            "id": 1,
            "page": 0,
            "position": {
                "x": 1344.0,
                "y": 416.0
            }
        },
        {
            "id": 6,
            "page": 0,
            "position": {
                "x": 2080.0,
                "y": 416.0
            }
        },
        {
            "id": 5,
            "page": 0,
            "position": {
                "x": 3776.0,
                "y": 448.0
            }
        },
        {
            "id": 4,
            "page": 0,
            "position": {
                "x": 832.0,
                "y": 416.0
            }
        },
        {
            "id": 5,
            "page": 0,
            "position": {
                "x": 896.0,
                "y": 416.0
            }
        },
        {
            "id": 4,
            "page": 0,
            "position": {
                "x": 768.0,
                "y": 416.0
            }
        },
        {
            "id": 4,
            "page": 0,
            "position": {
                "x": 2752.0,
                "y": 448.0
            }
        },
        {
            "id": 4,
            "page": 0,
            "position": {
                "x": 800.0,
                "y": 448.0
            }
        },
        {
            "id": 1,
            "page": 0,
            "position": {
                "x": 1440.0,
                "y": 416.0
            }
        },
        {
            "id": 4,
            "page": 0,
            "position": {
                "x": 2880.0,
                "y": 448.0
            }
        },
        {
            "id": 4,
            "page": 0,
            "position": {
                "x": 1760.0,
                "y": 448.0
            }
        },
        {
            "id": 4,
            "page": 0,
            "position": {
                "x": 1728.0,
                "y": 448.0
            }
        },
        {
            "id": 6,
            "page": 0,
            "position": {
                "x": 4512.0,
                "y": 480.0
            }
        },
        {
            "id": 4,
            "page": 0,
            "position": {
                "x": 1696.0,
                "y": 448.0
            }
        },
        {
            "id": 4,
            "page": 0,
            "position": {
                "x": 1664.0,
                "y": 448.0
            }
        },
        {
            "id": 10,
            "page": 0,
            "position": {
                "x": 4224.0,
                "y": 352.0
            }
        },
        {
            "id": 10,
            "page": 0,
            "position": {
                "x": 1536.0,
                "y": 384.0
            }
        },
        {
            "id": 4,
            "page": 0,
            "position": {
                "x": 1632.0,
                "y": 448.0
            }
        },
        {
            "id": 2,
            "page": 0,
            "position": {
                "x": 1824.0,
                "y": 416.0
            }
        },
        {
            "id": 6,
            "page": 0,
            "position": {
                "x": 5088.0,
                "y": 416.0
            }
        },
        {
            "id": 5,
            "page": 0,
            "position": {
                "x": 1824.0,
                "y": 448.0
            }
        },
        {
            "id": 6,
            "page": 0,
            "position": {
                "x": 2272.0,
                "y": 416.0
            }
        },
        {
            "id": 6,
            "page": 0,
            "position": {
                "x": 1984.0,
                "y": 480.0
            }
        },
        {
            "id": 6,
            "page": 0,
            "position": {
                "x": 1984.0,
                "y": 448.0
            }
        },
        {
            "id": 6,
            "page": 0,
            "position": {
                "x": 1984.0,
                "y": 512.0
            }
        },
        {
            "id": 0,
            "page": 2,
            "position": {
                "x": 2703.0,
                "y": 415.0
            }
        },
        {
            "id": 6,
            "page": 0,
            "position": {
                "x": 1824.0,
                "y": 480.0
            }
        },
        {
            "id": 6,
            "page": 0,
            "position": {
                "x": 1824.0,
                "y": 512.0
            }
        },
        {
            "id": 4,
            "page": 2,
            "position": {
                "x": 1344.0,
                "y": 287.0
            }
        },
        {
            "id": 6,
            "page": 0,
            "position": {
                "x": 1056.0,
                "y": 480.0
            }
        },
        {
            "id": 10,
            "page": 0,
            "position": {
                "x": 4224.0,
                "y": 448.0
            }
        },
        {
            "id": 4,
            "page": 0,
            "position": {
                "x": 352.0,
                "y": 448.0
            }
        },
        {
            "id": 6,
            "page": 0,
            "position": {
                "x": 896.0,
                "y": 512.0
            }
        },
        {
            "id": 4,
            "page": 0,
            "position": {
                "x": 4704.0,
                "y": 448.0
            }
        },
        {
            "id": 1,
            "page": 0,
            "position": {
                "x": 32.0,
                "y": 416.0
            }
        },
        {
            "id": 4,
            "page": 0,
            "position": {
                "x": 3360.0,
                "y": 448.0
            }
        },
        {
            "id": 1,
            "page": 0,
            "position": {
                "x": 3456.0,
                "y": 416.0
            }
        },
        {
            "id": 6,
            "page": 0,
            "position": {
                "x": 896.0,
                "y": 480.0
            }
        },
        {
            "id": 6,
            "page": 0,
            "position": {
                "x": 2080.0,
                "y": 448.0
            }
        },
        {
            "id": 1,
            "page": 0,
            "position": {
                "x": 1248.0,
                "y": 416.0
            }
        },
        {
            "id": 6,
            "page": 0,
            "position": {
                "x": 2080.0,
                "y": 480.0
            }
        },
        {
            "id": 4,
            "page": 0,
            "position": {
                "x": 416.0,
                "y": 448.0
            }
        },
        {
            "id": 4,
            "page": 0,
            "position": {
                "x": 224.0,
                "y": 448.0
            }
        },
        {
            "id": 6,
            "page": 0,
            "position": {
                "x": 2432.0,
                "y": 480.0
            }
        },
        {
            "id": 6,
            "page": 0,
            "position": {
                "x": 2080.0,
                "y": 512.0
            }
        },
        {
            "id": 6,
            "page": 0,
            "position": {
                "x": 2272.0,
                "y": 512.0
            }
        },
        {
            "id": 1,
            "page": 0,
            "position": {
                "x": 1504.0,
                "y": 416.0
            }
        },
        {
            "id": 6,
            "page": 0,
            "position": {
                "x": 2272.0,
                "y": 384.0
            }
        },
        {
            "id": 6,
            "page": 0,
            "position": {
                "x": 2272.0,
                "y": 480.0
            }
        },
        {
            "id": 4,
            "page": 0,
            "position": {
                "x": 1280.0,
                "y": 448.0
            }
        },
        {
            "id": 0,
            "page": 0,
            "position": {
                "x": 2432.0,
                "y": 416.0
            }
        },
        {
            "id": 6,
            "page": 0,
            "position": {
                "x": 2432.0,
                "y": 512.0
            }
        },
        {
            "id": 1,
            "page": 0,
            "position": {
                "x": 2560.0,
                "y": 416.0
            }
        },
        {
            "id": 1,
            "page": 0,
            "position": {
                "x": 3552.0,
                "y": 416.0
            }
        },
        {
            "id": 6,
            "page": 0,
            "position": {
                "x": 2176.0,
                "y": 512.0
            }
        },
        {
            "id": 0,
            "page": 2,
            "position": {
                "x": 2895.0,
                "y": 415.0
            }
        },
        {
            "id": 1,
            "page": 0,
            "position": {
                "x": 1664.0,
                "y": 416.0
            }
        },
        {
            "id": 1,
            "page": 0,
            "position": {
                "x": 2880.0,
                "y": 416.0
            }
        },
        {
            "id": 1,
            "page": 0,
            "position": {
                "x": 2848.0,
                "y": 416.0
            }
        },
        {
            "id": 4,
            "page": 0,
            "position": {
                "x": 4608.0,
                "y": 448.0
            }
        },
        {
            "id": 1,
            "page": 0,
            "position": {
                "x": 2720.0,
                "y": 416.0
            }
        },
        {
            "id": 4,
            "page": 0,
            "position": {
                "x": 256.0,
                "y": 448.0
            }
        },
        {
            "id": 6,
            "page": 0,
            "position": {
                "x": 736.0,
                "y": 512.0
            }
        },
        {
            "id": 1,
            "page": 0,
            "position": {
                "x": 2816.0,
                "y": 416.0
            }
        },
        {
            "id": 1,
            "page": 0,
            "position": {
                "x": 2784.0,
                "y": 416.0
            }
        },
        {
            "id": 4,
            "page": 0,
            "position": {
                "x": 3616.0,
                "y": 448.0
            }
        },
        {
            "id": 1,
            "page": 0,
            "position": {
                "x": 2752.0,
                "y": 416.0
            }
        },
        {
            "id": 1,
            "page": 0,
            "position": {
                "x": 3616.0,
                "y": 416.0
            }
        },
        {
            "id": 4,
            "page": 0,
            "position": {
                "x": 3136.0,
                "y": 448.0
            }
        },
        {
            "id": 4,
            "page": 0,
            "position": {
                "x": 3712.0,
                "y": 448.0
            }
        },
        {
            "id": 4,
            "page": 0,
            "position": {
                "x": 2624.0,
                "y": 448.0
            }
        },
        {
            "id": 4,
            "page": 0,
            "position": {
                "x": 2464.0,
                "y": 448.0
            }
        },
        {
            "id": 4,
            "page": 0,
            "position": {
                "x": 2656.0,
                "y": 448.0
            }
        },
        {
            "id": 4,
            "page": 0,
            "position": {
                "x": 1792.0,
                "y": 448.0
            }
        },
        {
            "id": 4,
            "page": 0,
            "position": {
                "x": 2688.0,
                "y": 448.0
            }
        },
        {
            "id": 4,
            "page": 0,
            "position": {
                "x": 2784.0,
                "y": 448.0
            }
        },
        {
            "id": 4,
            "page": 0,
            "position": {
                "x": 2816.0,
                "y": 448.0
            }
        },
        {
            "id": 6,
            "page": 0,
            "position": {
                "x": 1984.0,
                "y": 416.0
            }
        },
        {
            "id": 1,
            "page": 0,
            "position": {
                "x": 2592.0,
                "y": 416.0
            }
        },
        {
            "id": 5,
            "page": 0,
            "position": {
                "x": 2912.0,
                "y": 448.0
            }
        },
        {
            "id": 6,
            "page": 0,
            "position": {
                "x": 4512.0,
                "y": 512.0
            }
        },
        {
            "id": 6,
            "page": 0,
            "position": {
                "x": 3104.0,
                "y": 384.0
            }
        },
        {
            "id": 3,
            "page": 0,
            "position": {
                "x": 736.0,
                "y": 416.0
            }
        },
        {
            "id": 1,
            "page": 0,
            "position": {
                "x": 256.0,
                "y": 416.0
            }
        },
        {
            "id": 1,
            "page": 0,
            "position": {
                "x": 2688.0,
                "y": 416.0
            }
        },
        {
            "id": 1,
            "page": 0,
            "position": {
                "x": 3136.0,
                "y": 416.0
            }
        },
        {
            "id": 1,
            "page": 0,
            "position": {
                "x": 3200.0,
                "y": 416.0
            }
        },
        {
            "id": 1,
            "page": 0,
            "position": {
                "x": 3744.0,
                "y": 416.0
            }
        },
        {
            "id": 1,
            "page": 0,
            "position": {
                "x": 3264.0,
                "y": 416.0
            }
        },
        {
            "id": 1,
            "page": 0,
            "position": {
                "x": 3296.0,
                "y": 416.0
            }
        },
        {
            "id": 6,
            "page": 0,
            "position": {
                "x": 1056.0,
                "y": 320.0
            }
        },
        {
            "id": 1,
            "page": 0,
            "position": {
                "x": 3360.0,
                "y": 416.0
            }
        },
        {
            "id": 6,
            "page": 0,
            "position": {
                "x": 5120.0,
                "y": 32.0
            }
        },
        {
            "id": 4,
            "page": 0,
            "position": {
                "x": 3328.0,
                "y": 448.0
            }
        },
        {
            "id": 6,
            "page": 0,
            "position": {
                "x": 5120.0,
                "y": 256.0
            }
        },
        {
            "id": 10,
            "page": 0,
            "position": {
                "x": 1344.0,
                "y": 384.0
            }
        },
        {
            "id": 2,
            "page": 2,
            "position": {
                "x": 3568.0,
                "y": 413.0
            }
        },
        {
            "id": 10,
            "page": 0,
            "position": {
                "x": 1792.0,
                "y": 384.0
            }
        },
        {
            "id": 4,
            "page": 0,
            "position": {
                "x": 3200.0,
                "y": 448.0
            }
        },
        {
            "id": 6,
            "page": 0,
            "position": {
                "x": 4000.0,
                "y": 512.0
            }
        },
        {
            "id": 6,
            "page": 0,
            "position": {
                "x": 3968.0,
                "y": 512.0
            }
        },
        {
            "id": 1,
            "page": 0,
            "position": {
                "x": 2624.0,
                "y": 416.0
            }
        },
        {
            "id": 1,
            "page": 0,
            "position": {
                "x": 3392.0,
                "y": 416.0
            }
        },
        {
            "id": 1,
            "page": 0,
            "position": {
                "x": 3424.0,
                "y": 416.0
            }
        },
        {
            "id": 4,
            "page": 0,
            "position": {
                "x": 32.0,
                "y": 448.0
            }
        },
        {
            "id": 1,
            "page": 0,
            "position": {
                "x": 3488.0,
                "y": 416.0
            }
        },
        {
            "id": 2,
            "page": 2,
            "position": {
                "x": 3728.0,
                "y": 413.0
            }
        },
        {
            "id": 1,
            "page": 0,
            "position": {
                "x": 3712.0,
                "y": 416.0
            }
        },
        {
            "id": 1,
            "page": 0,
            "position": {
                "x": 3648.0,
                "y": 416.0
            }
        },
        {
            "id": 4,
            "page": 0,
            "position": {
                "x": 3488.0,
                "y": 448.0
            }
        },
        {
            "id": 6,
            "page": 0,
            "position": {
                "x": 1984.0,
                "y": 384.0
            }
        },
        {
            "id": 4,
            "page": 0,
            "position": {
                "x": 3456.0,
                "y": 448.0
            }
        },
        {
            "id": 6,
            "page": 0,
            "position": {
                "x": 2176.0,
                "y": 416.0
            }
        },
        {
            "id": 4,
            "page": 0,
            "position": {
                "x": 3392.0,
                "y": 448.0
            }
        },
        {
            "id": 2,
            "page": 0,
            "position": {
                "x": 3776.0,
                "y": 416.0
            }
        },
        {
            "id": 6,
            "page": 0,
            "position": {
                "x": 3776.0,
                "y": 480.0
            }
        },
        {
            "id": 6,
            "page": 0,
            "position": {
                "x": 3104.0,
                "y": 512.0
            }
        },
        {
            "id": 4,
            "page": 0,
            "position": {
                "x": 2720.0,
                "y": 448.0
            }
        },
        {
            "id": 6,
            "page": 0,
            "position": {
                "x": 2912.0,
                "y": 480.0
            }
        },
        {
            "id": 6,
            "page": 0,
            "position": {
                "x": 5120.0,
                "y": 160.0
            }
        },
        {
            "id": 6,
            "page": 0,
            "position": {
                "x": 2912.0,
                "y": 512.0
            }
        }
    ]
}