{
    "backgrounds": [],
    "exit_gate": {
        "gate_pos": {
            "x": 2720.0,
            "y": 287.0
        },
        "indicator_pos": {
            "x": 2528.0,
            "y": 287.0
        }
    },
    "level_properties": {
        "background_first_color": {
            "a": 1.0,
            "b": 0.8480392098426819,
            "g": 0.6557143330574036,
            "r": 0.3450355529785156
        },
        "background_second_color": {
            "a": 1.0,
            "b": 1.0,
            "g": 1.0,
            "r": 1.0
        },
        "height": 480.0,
        "music": "DansLaRue",
        "width": 6400.0
    },
    "player_start": {
        "x": 43.0,
        "y": 376.0
    },
    "tiles": [
        {
            "id": 6,
            "page": 0,
            "position": {
                "x": 1728.0,
                "y": 448.0
            }
        },
        {
            "id": 1,
            "page": 0,
            "position": {
                "x": 0.0,
                "y": 384.0
            }
        },
        {
            "id": 4,
            "page": 0,
            "position": {
                "x": 2304.0,
                "y": 416.0
            }
        },
        {
            "id": 1,
            "page": 0,
            "position": {
                "x": 32.0,
                "y": 384.0
            }
        },
        {
            "id": 1,
            "page": 0,
            "position": {
                "x": 64.0,
                "y": 384.0
            }
        },
        {
            "id": 4,
            "page": 0,
            "position": {
                "x": 640.0,
                "y": 288.0
            }
        },
        {
            "id": 1,
            "page": 0,
            "position": {
                "x": 96.0,
                "y": 384.0
            }
        },
        {
            "id": 4,
            "page": 0,
            "position": {
                "x": 768.0,
                "y": 288.0
            }
        },
        {
            "id": 4,
            "page": 0,
            "position": {
                "x": 2336.0,
                "y": 448.0
            }
        },
        {
            "id": 4,
            "page": 1,
            "position": {
                "x": 992.0,
                "y": 128.0
            }
        },
        {
            "id": 1,
            "page": 0,
            "position": {
                "x": 128.0,
                "y": 384.0
            }
        },
        {
            "id": 1,
            "page": 0,
            "position": {
                "x": 160.0,
                "y": 384.0
            }
        },
        {
            "id": 4,
            "page": 0,
            "position": {
                "x": 992.0,
                "y": 416.0
            }
        },
        {
            "id": 1,
            "page": 0,
            "position": {
                "x": 192.0,
                "y": 384.0
            }
        },
        {
            "id": 6,
            "page": 0,
            "position": {
                "x": 1632.0,
                "y": 448.0
            }
        },
        {
            "id": 1,
            "page": 0,
            "position": {
                "x": 224.0,
                "y": 384.0
            }
        },
        {
            "id": 4,
            "page": 0,
            "position": {
                "x": 768.0,
                "y": 256.0
            }
        },
        {
            "id": 6,
            "page": 0,
            "position": {
                "x": 2048.0,
                "y": 352.0
            }
        },
        {
            "id": 1,
            "page": 0,
            "position": {
                "x": 256.0,
                "y": 384.0
            }
        },
        {
            "id": 1,
            "page": 0,
            "position": {
                "x": 288.0,
                "y": 384.0
            }
        },
        {
            "id": 1,
            "page": 0,
            "position": {
                "x": 320.0,
                "y": 384.0
            }
        },
        {
            "id": 1,
            "page": 0,
            "position": {
                "x": 352.0,
                "y": 384.0
            }
        },
        {
            "id": 2,
            "page": 0,
            "position": {
                "x": 384.0,
                "y": 384.0
            }
        },
        {
            "id": 5,
            "page": 0,
            "position": {
                "x": 384.0,
                "y": 416.0
            }
        },
        {
            "id": 5,
            "page": 0,
            "position": {
                "x": 384.0,
                "y": 448.0
            }
        },
        {
            "id": 4,
            "page": 0,
            "position": {
                "x": 192.0,
                "y": 448.0
            }
        },
        {
            "id": 5,
            "page": 2,
            "position": {
                "x": 576.0,
                "y": 160.0
            }
        },
        {
            "id": 4,
            "page": 0,
            "position": {
                "x": 2624.0,
                "y": 352.0
            }
        },
        {
            "id": 4,
            "page": 0,
            "position": {
                "x": 352.0,
                "y": 416.0
            }
        },
        {
            "id": 4,
            "page": 0,
            "position": {
                "x": 352.0,
                "y": 448.0
            }
        },
        {
            "id": 4,
            "page": 0,
            "position": {
                "x": 736.0,
                "y": 224.0
            }
        },
        {
            "id": 6,
            "page": 0,
            "position": {
                "x": 1984.0,
                "y": 352.0
            }
        },
        {
            "id": 4,
            "page": 0,
            "position": {
                "x": 320.0,
                "y": 448.0
            }
        },
        {
            "id": 4,
            "page": 0,
            "position": {
                "x": 0.0,
                "y": 448.0
            }
        },
        {
            "id": 4,
            "page": 0,
            "position": {
                "x": 2816.0,
                "y": 352.0
            }
        },
        {
            "id": 4,
            "page": 0,
            "position": {
                "x": 288.0,
                "y": 448.0
            }
        },
        {
            "id": 4,
            "page": 0,
            "position": {
                "x": 256.0,
                "y": 448.0
            }
        },
        {
            "id": 4,
            "page": 0,
            "position": {
                "x": 672.0,
                "y": 160.0
            }
        },
        {
            "id": 4,
            "page": 0,
            "position": {
                "x": 2400.0,
                "y": 352.0
            }
        },
        {
            "id": 4,
            "page": 0,
            "position": {
                "x": 2816.0,
                "y": 416.0
            }
        },
        {
            "id": 4,
            "page": 0,
            "position": {
                "x": 224.0,
                "y": 448.0
            }
        },
        {
            "id": 6,
            "page": 0,
            "position": {
                "x": 416.0,
                "y": 448.0
            }
        },
        {
            "id": 4,
            "page": 0,
            "position": {
                "x": 160.0,
                "y": 448.0
            }
        },
        {
            "id": 4,
            "page": 0,
            "position": {
                "x": 128.0,
                "y": 448.0
            }
        },
        {
            "id": 4,
            "page": 0,
            "position": {
                "x": 96.0,
                "y": 448.0
            }
        },
        {
            "id": 6,
            "page": 0,
            "position": {
                "x": 2912.0,
                "y": 288.0
            }
        },
        {
            "id": 4,
            "page": 0,
            "position": {
                "x": 64.0,
                "y": 448.0
            }
        },
        {
            "id": 4,
            "page": 0,
            "position": {
                "x": 32.0,
                "y": 448.0
            }
        },
        {
            "id": 4,
            "page": 0,
            "position": {
                "x": 32.0,
                "y": 416.0
            }
        },
        {
            "id": 4,
            "page": 0,
            "position": {
                "x": 0.0,
                "y": 416.0
            }
        },
        {
            "id": 4,
            "page": 0,
            "position": {
                "x": 64.0,
                "y": 416.0
            }
        },
        {
            "id": 4,
            "page": 0,
            "position": {
                "x": 96.0,
                "y": 416.0
            }
        },
        {
            "id": 4,
            "page": 0,
            "position": {
                "x": 128.0,
                "y": 416.0
            }
        },
        {
            "id": 4,
            "page": 0,
            "position": {
                "x": 160.0,
                "y": 416.0
            }
        },
        {
            "id": 4,
            "page": 0,
            "position": {
                "x": 2304.0,
                "y": 384.0
            }
        },
        {
            "id": 0,
            "page": 1,
            "position": {
                "x": 416.0,
                "y": 224.0
            }
        },
        {
            "id": 4,
            "page": 0,
            "position": {
                "x": 192.0,
                "y": 416.0
            }
        },
        {
            "id": 4,
            "page": 0,
            "position": {
                "x": 2368.0,
                "y": 352.0
            }
        },
        {
            "id": 0,
            "page": 1,
            "position": {
                "x": 512.0,
                "y": 96.0
            }
        },
        {
            "id": 4,
            "page": 0,
            "position": {
                "x": 224.0,
                "y": 416.0
            }
        },
        {
            "id": 6,
            "page": 0,
            "position": {
                "x": 2848.0,
                "y": 288.0
            }
        },
        {
            "id": 4,
            "page": 0,
            "position": {
                "x": 256.0,
                "y": 416.0
            }
        },
        {
            "id": 4,
            "page": 0,
            "position": {
                "x": 736.0,
                "y": 416.0
            }
        },
        {
            "id": 4,
            "page": 0,
            "position": {
                "x": 2688.0,
                "y": 416.0
            }
        },
        {
            "id": 4,
            "page": 0,
            "position": {
                "x": 288.0,
                "y": 416.0
            }
        },
        {
            "id": 4,
            "page": 0,
            "position": {
                "x": 320.0,
                "y": 416.0
            }
        },
        {
            "id": 11,
            "page": 0,
            "position": {
                "x": 416.0,
                "y": 320.0
            }
        },
        {
            "id": 11,
            "page": 0,
            "position": {
                "x": 448.0,
                "y": 288.0
            }
        },
        {
            "id": 4,
            "page": 0,
            "position": {
                "x": 2592.0,
                "y": 352.0
            }
        },
        {
            "id": 0,
            "page": 1,
            "position": {
                "x": 800.0,
                "y": 96.0
            }
        },
        {
            "id": 11,
            "page": 0,
            "position": {
                "x": 480.0,
                "y": 256.0
            }
        },
        {
            "id": 11,
            "page": 0,
            "position": {
                "x": 512.0,
                "y": 224.0
            }
        },
        {
            "id": 6,
            "page": 0,
            "position": {
                "x": 1472.0,
                "y": 96.0
            }
        },
        {
            "id": 0,
            "page": 1,
            "position": {
                "x": 832.0,
                "y": 96.0
            }
        },
        {
            "id": 11,
            "page": 0,
            "position": {
                "x": 544.0,
                "y": 192.0
            }
        },
        {
            "id": 4,
            "page": 0,
            "position": {
                "x": 2560.0,
                "y": 448.0
            }
        },
        {
            "id": 6,
            "page": 0,
            "position": {
                "x": 544.0,
                "y": 224.0
            }
        },
        {
            "id": 4,
            "page": 0,
            "position": {
                "x": 928.0,
                "y": 352.0
            }
        },
        {
            "id": 15,
            "page": 0,
            "position": {
                "x": 768.0,
                "y": 160.0
            }
        },
        {
            "id": 4,
            "page": 0,
            "position": {
                "x": 576.0,
                "y": 320.0
            }
        },
        {
            "id": 4,
            "page": 0,
            "position": {
                "x": 544.0,
                "y": 352.0
            }
        },
        {
            "id": 6,
            "page": 0,
            "position": {
                "x": 416.0,
                "y": 416.0
            }
        },
        {
            "id": 6,
            "page": 0,
            "position": {
                "x": 416.0,
                "y": 384.0
            }
        },
        {
            "id": 11,
            "page": 0,
            "position": {
                "x": 1664.0,
                "y": 416.0
            }
        },
        {
            "id": 4,
            "page": 0,
            "position": {
                "x": 2880.0,
                "y": 416.0
            }
        },
        {
            "id": 6,
            "page": 0,
            "position": {
                "x": 416.0,
                "y": 352.0
            }
        },
        {
            "id": 4,
            "page": 0,
            "position": {
                "x": 2496.0,
                "y": 416.0
            }
        },
        {
            "id": 16,
            "page": 0,
            "position": {
                "x": 736.0,
                "y": 128.0
            }
        },
        {
            "id": 4,
            "page": 0,
            "position": {
                "x": 928.0,
                "y": 448.0
            }
        },
        {
            "id": 4,
            "page": 0,
            "position": {
                "x": 800.0,
                "y": 352.0
            }
        },
        {
            "id": 4,
            "page": 0,
            "position": {
                "x": 480.0,
                "y": 352.0
            }
        },
        {
            "id": 6,
            "page": 0,
            "position": {
                "x": 448.0,
                "y": 320.0
            }
        },
        {
            "id": 6,
            "page": 0,
            "position": {
                "x": 480.0,
                "y": 288.0
            }
        },
        {
            "id": 6,
            "page": 0,
            "position": {
                "x": 512.0,
                "y": 256.0
            }
        },
        {
            "id": 6,
            "page": 0,
            "position": {
                "x": 1568.0,
                "y": 448.0
            }
        },
        {
            "id": 4,
            "page": 0,
            "position": {
                "x": 2112.0,
                "y": 384.0
            }
        },
        {
            "id": 4,
            "page": 0,
            "position": {
                "x": 2560.0,
                "y": 352.0
            }
        },
        {
            "id": 11,
            "page": 0,
            "position": {
                "x": 608.0,
                "y": 160.0
            }
        },
        {
            "id": 11,
            "page": 0,
            "position": {
                "x": 640.0,
                "y": 128.0
            }
        },
        {
            "id": 6,
            "page": 0,
            "position": {
                "x": 640.0,
                "y": 160.0
            }
        },
        {
            "id": 6,
            "page": 0,
            "position": {
                "x": 640.0,
                "y": 192.0
            }
        },
        {
            "id": 15,
            "page": 0,
            "position": {
                "x": 896.0,
                "y": 224.0
            }
        },
        {
            "id": 4,
            "page": 0,
            "position": {
                "x": 832.0,
                "y": 384.0
            }
        },
        {
            "id": 6,
            "page": 0,
            "position": {
                "x": 640.0,
                "y": 224.0
            }
        },
        {
            "id": 6,
            "page": 0,
            "position": {
                "x": 1056.0,
                "y": 448.0
            }
        },
        {
            "id": 4,
            "page": 0,
            "position": {
                "x": 640.0,
                "y": 416.0
            }
        },
        {
            "id": 6,
            "page": 0,
            "position": {
                "x": 2912.0,
                "y": 192.0
            }
        },
        {
            "id": 15,
            "page": 0,
            "position": {
                "x": 832.0,
                "y": 192.0
            }
        },
        {
            "id": 4,
            "page": 0,
            "position": {
                "x": 608.0,
                "y": 352.0
            }
        },
        {
            "id": 6,
            "page": 0,
            "position": {
                "x": 608.0,
                "y": 224.0
            }
        },
        {
            "id": 4,
            "page": 0,
            "position": {
                "x": 800.0,
                "y": 256.0
            }
        },
        {
            "id": 4,
            "page": 0,
            "position": {
                "x": 2336.0,
                "y": 384.0
            }
        },
        {
            "id": 4,
            "page": 0,
            "position": {
                "x": 2848.0,
                "y": 384.0
            }
        },
        {
            "id": 6,
            "page": 0,
            "position": {
                "x": 608.0,
                "y": 192.0
            }
        },
        {
            "id": 4,
            "page": 0,
            "position": {
                "x": 736.0,
                "y": 384.0
            }
        },
        {
            "id": 4,
            "page": 0,
            "position": {
                "x": 2240.0,
                "y": 384.0
            }
        },
        {
            "id": 6,
            "page": 0,
            "position": {
                "x": 672.0,
                "y": 128.0
            }
        },
        {
            "id": 4,
            "page": 0,
            "position": {
                "x": 2208.0,
                "y": 416.0
            }
        },
        {
            "id": 6,
            "page": 0,
            "position": {
                "x": 576.0,
                "y": 192.0
            }
        },
        {
            "id": 5,
            "page": 2,
            "position": {
                "x": 672.0,
                "y": 96.0
            }
        },
        {
            "id": 15,
            "page": 0,
            "position": {
                "x": 704.0,
                "y": 128.0
            }
        },
        {
            "id": 15,
            "page": 0,
            "position": {
                "x": 960.0,
                "y": 256.0
            }
        },
        {
            "id": 15,
            "page": 0,
            "position": {
                "x": 1024.0,
                "y": 288.0
            }
        },
        {
            "id": 16,
            "page": 0,
            "position": {
                "x": 800.0,
                "y": 160.0
            }
        },
        {
            "id": 4,
            "page": 0,
            "position": {
                "x": 2432.0,
                "y": 448.0
            }
        },
        {
            "id": 16,
            "page": 0,
            "position": {
                "x": 864.0,
                "y": 192.0
            }
        },
        {
            "id": 16,
            "page": 0,
            "position": {
                "x": 928.0,
                "y": 224.0
            }
        },
        {
            "id": 4,
            "page": 0,
            "position": {
                "x": 768.0,
                "y": 448.0
            }
        },
        {
            "id": 4,
            "page": 0,
            "position": {
                "x": 896.0,
                "y": 448.0
            }
        },
        {
            "id": 16,
            "page": 0,
            "position": {
                "x": 992.0,
                "y": 256.0
            }
        },
        {
            "id": 4,
            "page": 0,
            "position": {
                "x": 2400.0,
                "y": 384.0
            }
        },
        {
            "id": 4,
            "page": 0,
            "position": {
                "x": 2880.0,
                "y": 320.0
            }
        },
        {
            "id": 0,
            "page": 1,
            "position": {
                "x": 800.0,
                "y": 128.0
            }
        },
        {
            "id": 16,
            "page": 0,
            "position": {
                "x": 1056.0,
                "y": 288.0
            }
        },
        {
            "id": 6,
            "page": 0,
            "position": {
                "x": 1056.0,
                "y": 320.0
            }
        },
        {
            "id": 6,
            "page": 0,
            "position": {
                "x": 1056.0,
                "y": 352.0
            }
        },
        {
            "id": 4,
            "page": 0,
            "position": {
                "x": 896.0,
                "y": 384.0
            }
        },
        {
            "id": 6,
            "page": 0,
            "position": {
                "x": 1600.0,
                "y": 448.0
            }
        },
        {
            "id": 0,
            "page": 1,
            "position": {
                "x": 768.0,
                "y": 128.0
            }
        },
        {
            "id": 6,
            "page": 0,
            "position": {
                "x": 1056.0,
                "y": 384.0
            }
        },
        {
            "id": 6,
            "page": 0,
            "position": {
                "x": 1056.0,
                "y": 416.0
            }
        },
        {
            "id": 4,
            "page": 0,
            "position": {
                "x": 2528.0,
                "y": 448.0
            }
        },
        {
            "id": 6,
            "page": 0,
            "position": {
                "x": 320.0,
                "y": 288.0
            }
        },
        {
            "id": 6,
            "page": 0,
            "position": {
                "x": 1024.0,
                "y": 320.0
            }
        },
        {
            "id": 12,
            "page": 2,
            "position": {
                "x": 208.0,
                "y": 285.0
            }
        },
        {
            "id": 6,
            "page": 0,
            "position": {
                "x": 992.0,
                "y": 320.0
            }
        },
        {
            "id": 0,
            "page": 1,
            "position": {
                "x": 512.0,
                "y": 64.0
            }
        },
        {
            "id": 6,
            "page": 0,
            "position": {
                "x": 960.0,
                "y": 320.0
            }
        },
        {
            "id": 6,
            "page": 0,
            "position": {
                "x": 864.0,
                "y": 224.0
            }
        },
        {
            "id": 6,
            "page": 0,
            "position": {
                "x": 832.0,
                "y": 256.0
            }
        },
        {
            "id": 4,
            "page": 0,
            "position": {
                "x": 2432.0,
                "y": 320.0
            }
        },
        {
            "id": 0,
            "page": 1,
            "position": {
                "x": 1056.0,
                "y": 224.0
            }
        },
        {
            "id": 6,
            "page": 0,
            "position": {
                "x": 992.0,
                "y": 288.0
            }
        },
        {
            "id": 4,
            "page": 0,
            "position": {
                "x": 2048.0,
                "y": 384.0
            }
        },
        {
            "id": 6,
            "page": 0,
            "position": {
                "x": 960.0,
                "y": 288.0
            }
        },
        {
            "id": 4,
            "page": 0,
            "position": {
                "x": 2080.0,
                "y": 448.0
            }
        },
        {
            "id": 6,
            "page": 0,
            "position": {
                "x": 928.0,
                "y": 288.0
            }
        },
        {
            "id": 6,
            "page": 0,
            "position": {
                "x": 896.0,
                "y": 288.0
            }
        },
        {
            "id": 6,
            "page": 0,
            "position": {
                "x": 928.0,
                "y": 256.0
            }
        },
        {
            "id": 4,
            "page": 0,
            "position": {
                "x": 2176.0,
                "y": 384.0
            }
        },
        {
            "id": 6,
            "page": 0,
            "position": {
                "x": 896.0,
                "y": 256.0
            }
        },
        {
            "id": 12,
            "page": 2,
            "position": {
                "x": 272.0,
                "y": 157.0
            }
        },
        {
            "id": 6,
            "page": 0,
            "position": {
                "x": 864.0,
                "y": 256.0
            }
        },
        {
            "id": 0,
            "page": 1,
            "position": {
                "x": 1024.0,
                "y": 224.0
            }
        },
        {
            "id": 6,
            "page": 0,
            "position": {
                "x": 832.0,
                "y": 224.0
            }
        },
        {
            "id": 6,
            "page": 0,
            "position": {
                "x": 800.0,
                "y": 224.0
            }
        },
        {
            "id": 6,
            "page": 0,
            "position": {
                "x": 768.0,
                "y": 224.0
            }
        },
        {
            "id": 4,
            "page": 0,
            "position": {
                "x": 960.0,
                "y": 448.0
            }
        },
        {
            "id": 6,
            "page": 0,
            "position": {
                "x": 768.0,
                "y": 192.0
            }
        },
        {
            "id": 6,
            "page": 0,
            "position": {
                "x": 800.0,
                "y": 192.0
            }
        },
        {
            "id": 6,
            "page": 0,
            "position": {
                "x": 736.0,
                "y": 192.0
            }
        },
        {
            "id": 6,
            "page": 0,
            "position": {
                "x": 704.0,
                "y": 192.0
            }
        },
        {
            "id": 6,
            "page": 0,
            "position": {
                "x": 1504.0,
                "y": 448.0
            }
        },
        {
            "id": 6,
            "page": 0,
            "position": {
                "x": 704.0,
                "y": 160.0
            }
        },
        {
            "id": 6,
            "page": 0,
            "position": {
                "x": 736.0,
                "y": 160.0
            }
        },
        {
            "id": 5,
            "page": 2,
            "position": {
                "x": 1824.0,
                "y": 288.0
            }
        },
        {
            "id": 6,
            "page": 0,
            "position": {
                "x": 1024.0,
                "y": 352.0
            }
        },
        {
            "id": 6,
            "page": 0,
            "position": {
                "x": 1024.0,
                "y": 384.0
            }
        },
        {
            "id": 6,
            "page": 0,
            "position": {
                "x": 1600.0,
                "y": -64.0
            }
        },
        {
            "id": 4,
            "page": 0,
            "position": {
                "x": 2528.0,
                "y": 384.0
            }
        },
        {
            "id": 6,
            "page": 0,
            "position": {
                "x": 1024.0,
                "y": 416.0
            }
        },
        {
            "id": 6,
            "page": 0,
            "position": {
                "x": 1024.0,
                "y": 448.0
            }
        },
        {
            "id": 4,
            "page": 0,
            "position": {
                "x": 576.0,
                "y": 224.0
            }
        },
        {
            "id": 4,
            "page": 0,
            "position": {
                "x": 576.0,
                "y": 256.0
            }
        },
        {
            "id": 4,
            "page": 0,
            "position": {
                "x": 576.0,
                "y": 288.0
            }
        },
        {
            "id": 4,
            "page": 0,
            "position": {
                "x": 576.0,
                "y": 352.0
            }
        },
        {
            "id": 6,
            "page": 0,
            "position": {
                "x": 1408.0,
                "y": 96.0
            }
        },
        {
            "id": 4,
            "page": 0,
            "position": {
                "x": 576.0,
                "y": 384.0
            }
        },
        {
            "id": 4,
            "page": 0,
            "position": {
                "x": 672.0,
                "y": 384.0
            }
        },
        {
            "id": 0,
            "page": 1,
            "position": {
                "x": 1056.0,
                "y": 256.0
            }
        },
        {
            "id": 4,
            "page": 0,
            "position": {
                "x": 576.0,
                "y": 416.0
            }
        },
        {
            "id": 4,
            "page": 0,
            "position": {
                "x": 576.0,
                "y": 448.0
            }
        },
        {
            "id": 0,
            "page": 1,
            "position": {
                "x": 992.0,
                "y": 192.0
            }
        },
        {
            "id": 4,
            "page": 0,
            "position": {
                "x": 672.0,
                "y": 192.0
            }
        },
        {
            "end_position": {
                "x": 1728.0,
                "y": 320.0
            },
            "id": 0,
            "page": 4,
            "position": {
                "x": 1440.0,
                "y": 320.0
            },
            "properties": {
                "Speed": 4,
                "isFall": true,
                "isSmooth": false,
                "isWait": false
            }
        },
        {
            "id": 4,
            "page": 0,
            "position": {
                "x": 672.0,
                "y": 224.0
            }
        },
        {
            "id": 4,
            "page": 0,
            "position": {
                "x": 672.0,
                "y": 256.0
            }
        },
        {
            "id": 4,
            "page": 0,
            "position": {
                "x": 672.0,
                "y": 288.0
            }
        },
        {
            "id": 4,
            "page": 0,
            "position": {
                "x": 704.0,
                "y": 256.0
            }
        },
        {
            "id": 4,
            "page": 0,
            "position": {
                "x": 672.0,
                "y": 320.0
            }
        },
        {
            "id": 9,
            "page": 0,
            "position": {
                "x": 1600.0,
                "y": 32.0
            }
        },
        {
            "id": 6,
            "page": 0,
            "position": {
                "x": 256.0,
                "y": 192.0
            }
        },
        {
            "id": 4,
            "page": 0,
            "position": {
                "x": 672.0,
                "y": 352.0
            }
        },
        {
            "id": 6,
            "page": 0,
            "position": {
                "x": 2784.0,
                "y": 288.0
            }
        },
        {
            "id": 4,
            "page": 0,
            "position": {
                "x": 672.0,
                "y": 416.0
            }
        },
        {
            "id": 4,
            "page": 0,
            "position": {
                "x": 704.0,
                "y": 416.0
            }
        },
        {
            "id": 4,
            "page": 0,
            "position": {
                "x": 2048.0,
                "y": 416.0
            }
        },
        {
            "id": 4,
            "page": 0,
            "position": {
                "x": 704.0,
                "y": 448.0
            }
        },
        {
            "id": 4,
            "page": 0,
            "position": {
                "x": 672.0,
                "y": 448.0
            }
        },
        {
            "id": 4,
            "page": 0,
            "position": {
                "x": 736.0,
                "y": 448.0
            }
        },
        {
            "id": 4,
            "page": 0,
            "position": {
                "x": 800.0,
                "y": 448.0
            }
        },
        {
            "id": 4,
            "page": 0,
            "position": {
                "x": 2144.0,
                "y": 384.0
            }
        },
        {
            "id": 4,
            "page": 0,
            "position": {
                "x": 2752.0,
                "y": 448.0
            }
        },
        {
            "id": 4,
            "page": 0,
            "position": {
                "x": 832.0,
                "y": 448.0
            }
        },
        {
            "id": 17,
            "page": 0,
            "position": {
                "x": 1600.0,
                "y": 96.0
            }
        },
        {
            "id": 4,
            "page": 0,
            "position": {
                "x": 864.0,
                "y": 448.0
            }
        },
        {
            "id": 4,
            "page": 0,
            "position": {
                "x": 992.0,
                "y": 448.0
            }
        },
        {
            "id": 6,
            "page": 0,
            "position": {
                "x": 1536.0,
                "y": 96.0
            }
        },
        {
            "id": 4,
            "page": 0,
            "position": {
                "x": 2816.0,
                "y": 448.0
            }
        },
        {
            "id": 4,
            "page": 0,
            "position": {
                "x": 960.0,
                "y": 416.0
            }
        },
        {
            "id": 0,
            "page": 1,
            "position": {
                "x": 992.0,
                "y": 224.0
            }
        },
        {
            "id": 4,
            "page": 0,
            "position": {
                "x": 928.0,
                "y": 416.0
            }
        },
        {
            "id": 6,
            "page": 0,
            "position": {
                "x": 2336.0,
                "y": 288.0
            }
        },
        {
            "id": 0,
            "page": 1,
            "position": {
                "x": 928.0,
                "y": 160.0
            }
        },
        {
            "id": 4,
            "page": 0,
            "position": {
                "x": 896.0,
                "y": 416.0
            }
        },
        {
            "id": 4,
            "page": 0,
            "position": {
                "x": 864.0,
                "y": 416.0
            }
        },
        {
            "id": 4,
            "page": 0,
            "position": {
                "x": 832.0,
                "y": 416.0
            }
        },
        {
            "id": 4,
            "page": 0,
            "position": {
                "x": 800.0,
                "y": 416.0
            }
        },
        {
            "id": 4,
            "page": 0,
            "position": {
                "x": 768.0,
                "y": 416.0
            }
        },
        {
            "id": 4,
            "page": 0,
            "position": {
                "x": 768.0,
                "y": 384.0
            }
        },
        {
            "id": 4,
            "page": 0,
            "position": {
                "x": 800.0,
                "y": 384.0
            }
        },
        {
            "id": 4,
            "page": 0,
            "position": {
                "x": 992.0,
                "y": 384.0
            }
        },
        {
            "id": 4,
            "page": 0,
            "position": {
                "x": 864.0,
                "y": 384.0
            }
        },
        {
            "id": 4,
            "page": 0,
            "position": {
                "x": 928.0,
                "y": 384.0
            }
        },
        {
            "id": 0,
            "page": 1,
            "position": {
                "x": 416.0,
                "y": 256.0
            }
        },
        {
            "id": 4,
            "page": 0,
            "position": {
                "x": 2016.0,
                "y": 448.0
            }
        },
        {
            "id": 4,
            "page": 0,
            "position": {
                "x": 2048.0,
                "y": 448.0
            }
        },
        {
            "id": 0,
            "page": 1,
            "position": {
                "x": 896.0,
                "y": 128.0
            }
        },
        {
            "id": 4,
            "page": 0,
            "position": {
                "x": 2368.0,
                "y": 416.0
            }
        },
        {
            "id": 6,
            "page": 0,
            "position": {
                "x": 1504.0,
                "y": 96.0
            }
        },
        {
            "id": 4,
            "page": 0,
            "position": {
                "x": 2144.0,
                "y": 448.0
            }
        },
        {
            "id": 4,
            "page": 0,
            "position": {
                "x": 2432.0,
                "y": 352.0
            }
        },
        {
            "end_position": {
                "x": 1152.0,
                "y": 32.0
            },
            "id": 0,
            "page": 4,
            "position": {
                "x": 1152.0,
                "y": 320.0
            },
            "properties": {
                "Speed": 3,
                "isFall": false,
                "isSmooth": true,
                "isWait": false
            }
        },
        {
            "id": 4,
            "page": 0,
            "position": {
                "x": 2208.0,
                "y": 448.0
            }
        },
        {
            "id": 4,
            "page": 0,
            "position": {
                "x": 2752.0,
                "y": 416.0
            }
        },
        {
            "id": 6,
            "page": 0,
            "position": {
                "x": 2912.0,
                "y": 448.0
            }
        },
        {
            "id": 4,
            "page": 0,
            "position": {
                "x": 2592.0,
                "y": 416.0
            }
        },
        {
            "id": 4,
            "page": 0,
            "position": {
                "x": 1984.0,
                "y": 416.0
            }
        },
        {
            "id": 4,
            "page": 0,
            "position": {
                "x": 2240.0,
                "y": 416.0
            }
        },
        {
            "id": 0,
            "page": 1,
            "position": {
                "x": 928.0,
                "y": 192.0
            }
        },
        {
            "id": 4,
            "page": 0,
            "position": {
                "x": 2272.0,
                "y": 416.0
            }
        },
        {
            "id": 4,
            "page": 0,
            "position": {
                "x": 832.0,
                "y": 288.0
            }
        },
        {
            "id": 4,
            "page": 0,
            "position": {
                "x": 1984.0,
                "y": 384.0
            }
        },
        {
            "id": 4,
            "page": 0,
            "position": {
                "x": 2272.0,
                "y": 448.0
            }
        },
        {
            "id": 0,
            "page": 1,
            "position": {
                "x": 768.0,
                "y": 96.0
            }
        },
        {
            "id": 4,
            "page": 0,
            "position": {
                "x": 2144.0,
                "y": 416.0
            }
        },
        {
            "id": 4,
            "page": 0,
            "position": {
                "x": 448.0,
                "y": 384.0
            }
        },
        {
            "id": 4,
            "page": 0,
            "position": {
                "x": 2080.0,
                "y": 384.0
            }
        },
        {
            "id": 4,
            "page": 0,
            "position": {
                "x": 2208.0,
                "y": 384.0
            }
        },
        {
            "id": 6,
            "page": 0,
            "position": {
                "x": 2464.0,
                "y": 288.0
            }
        },
        {
            "id": 4,
            "page": 0,
            "position": {
                "x": 2496.0,
                "y": 320.0
            }
        },
        {
            "id": 4,
            "page": 0,
            "position": {
                "x": 2752.0,
                "y": 384.0
            }
        },
        {
            "id": 4,
            "page": 0,
            "position": {
                "x": 2784.0,
                "y": 448.0
            }
        },
        {
            "id": 6,
            "page": 0,
            "position": {
                "x": 2432.0,
                "y": 288.0
            }
        },
        {
            "id": 4,
            "page": 0,
            "position": {
                "x": 2400.0,
                "y": 448.0
            }
        },
        {
            "id": 12,
            "page": 2,
            "position": {
                "x": 1712.0,
                "y": 413.0
            }
        },
        {
            "id": 0,
            "page": 1,
            "position": {
                "x": 864.0,
                "y": 160.0
            }
        },
        {
            "id": 4,
            "page": 0,
            "position": {
                "x": 2240.0,
                "y": 448.0
            }
        },
        {
            "id": 4,
            "page": 0,
            "position": {
                "x": 2464.0,
                "y": 448.0
            }
        },
        {
            "id": 4,
            "page": 0,
            "position": {
                "x": 2656.0,
                "y": 448.0
            }
        },
        {
            "id": 4,
            "page": 0,
            "position": {
                "x": 2496.0,
                "y": 448.0
            }
        },
        {
            "id": 5,
            "page": 1,
            "position": {
                "x": 960.0,
                "y": 96.0
            }
        },
        {
            "id": 4,
            "page": 0,
            "position": {
                "x": 2624.0,
                "y": 448.0
            }
        },
        {
            "id": 4,
            "page": 0,
            "position": {
                "x": 2720.0,
                "y": 384.0
            }
        },
        {
            "id": 4,
            "page": 0,
            "position": {
                "x": 2688.0,
                "y": 384.0
            }
        },
        {
            "id": 4,
            "page": 0,
            "position": {
                "x": 800.0,
                "y": 288.0
            }
        },
        {
            "id": 4,
            "page": 0,
            "position": {
                "x": 2688.0,
                "y": 352.0
            }
        },
        {
            "id": 4,
            "page": 0,
            "position": {
                "x": 2560.0,
                "y": 320.0
            }
        },
        {
            "id": 4,
            "page": 0,
            "position": {
                "x": 2528.0,
                "y": 320.0
            }
        },
        {
            "id": 4,
            "page": 0,
            "position": {
                "x": 448.0,
                "y": 448.0
            }
        },
        {
            "id": 4,
            "page": 0,
            "position": {
                "x": 2592.0,
                "y": 384.0
            }
        },
        {
            "id": 4,
            "page": 0,
            "position": {
                "x": 544.0,
                "y": 320.0
            }
        },
        {
            "id": 4,
            "page": 0,
            "position": {
                "x": 2880.0,
                "y": 384.0
            }
        },
        {
            "id": 6,
            "page": 0,
            "position": {
                "x": 2592.0,
                "y": 288.0
            }
        },
        {
            "id": 6,
            "page": 0,
            "position": {
                "x": 2368.0,
                "y": 288.0
            }
        },
        {
            "id": 6,
            "page": 0,
            "position": {
                "x": 2400.0,
                "y": 288.0
            }
        },
        {
            "id": 4,
            "page": 0,
            "position": {
                "x": 480.0,
                "y": 320.0
            }
        },
        {
            "id": 5,
            "page": 1,
            "position": {
                "x": 928.0,
                "y": 96.0
            }
        },
        {
            "id": 4,
            "page": 0,
            "position": {
                "x": 608.0,
                "y": 320.0
            }
        },
        {
            "id": 0,
            "page": 1,
            "position": {
                "x": 416.0,
                "y": 160.0
            }
        },
        {
            "id": 4,
            "page": 0,
            "position": {
                "x": 2368.0,
                "y": 384.0
            }
        },
        {
            "id": 4,
            "page": 0,
            "position": {
                "x": 2112.0,
                "y": 448.0
            }
        },
        {
            "id": 6,
            "page": 0,
            "position": {
                "x": 256.0,
                "y": 256.0
            }
        },
        {
            "id": 4,
            "page": 0,
            "position": {
                "x": 2784.0,
                "y": 320.0
            }
        },
        {
            "id": 4,
            "page": 0,
            "position": {
                "x": 2272.0,
                "y": 384.0
            }
        },
        {
            "id": 6,
            "page": 0,
            "position": {
                "x": 2912.0,
                "y": 160.0
            }
        },
        {
            "id": 0,
            "page": 1,
            "position": {
                "x": 480.0,
                "y": 192.0
            }
        },
        {
            "id": 6,
            "page": 0,
            "position": {
                "x": 192.0,
                "y": 288.0
            }
        },
        {
            "id": 4,
            "page": 0,
            "position": {
                "x": 2720.0,
                "y": 352.0
            }
        },
        {
            "id": 0,
            "page": 1,
            "position": {
                "x": 512.0,
                "y": 160.0
            }
        },
        {
            "id": 4,
            "page": 0,
            "position": {
                "x": 2816.0,
                "y": 320.0
            }
        },
        {
            "id": 4,
            "page": 0,
            "position": {
                "x": 2368.0,
                "y": 320.0
            }
        },
        {
            "id": 4,
            "page": 0,
            "position": {
                "x": 2592.0,
                "y": 448.0
            }
        },
        {
            "id": 6,
            "page": 0,
            "position": {
                "x": 2912.0,
                "y": 96.0
            }
        },
        {
            "id": 6,
            "page": 0,
            "position": {
                "x": 2752.0,
                "y": 288.0
            }
        },
        {
            "id": 6,
            "page": 0,
            "position": {
                "x": 2912.0,
                "y": 0.0
            }
        },
        {
            "id": 6,
            "page": 0,
            "position": {
                "x": 2496.0,
                "y": 288.0
            }
        },
        {
            "id": 4,
            "page": 0,
            "position": {
                "x": 2880.0,
                "y": 352.0
            }
        },
        {
            "id": 6,
            "page": 0,
            "position": {
                "x": 2912.0,
                "y": 32.0
            }
        },
        {
            "id": 6,
            "page": 0,
            "position": {
                "x": 2112.0,
                "y": 352.0
            }
        },
        {
            "id": 4,
            "page": 0,
            "position": {
                "x": 2464.0,
                "y": 320.0
            }
        },
        {
            "id": 0,
            "page": 1,
            "position": {
                "x": 480.0,
                "y": 160.0
            }
        },
        {
            "id": 6,
            "page": 0,
            "position": {
                "x": 2336.0,
                "y": 352.0
            }
        },
        {
            "id": 4,
            "page": 0,
            "position": {
                "x": 608.0,
                "y": 256.0
            }
        },
        {
            "id": 0,
            "page": 1,
            "position": {
                "x": 896.0,
                "y": 160.0
            }
        },
        {
            "id": 4,
            "page": 0,
            "position": {
                "x": 2848.0,
                "y": 320.0
            }
        },
        {
            "id": 4,
            "page": 0,
            "position": {
                "x": 2656.0,
                "y": 416.0
            }
        },
        {
            "id": 4,
            "page": 0,
            "position": {
                "x": 2368.0,
                "y": 448.0
            }
        },
        {
            "id": 4,
            "page": 0,
            "position": {
                "x": 2496.0,
                "y": 352.0
            }
        },
        {
            "id": 6,
            "page": 0,
            "position": {
                "x": 2912.0,
                "y": 128.0
            }
        },
        {
            "id": 6,
            "page": 0,
            "position": {
                "x": 2912.0,
                "y": 64.0
            }
        },
        {
            "id": 6,
            "page": 0,
            "position": {
                "x": 2816.0,
                "y": 288.0
            }
        },
        {
            "id": 4,
            "page": 1,
            "position": {
                "x": 1024.0,
                "y": 128.0
            }
        },
        {
            "id": 0,
            "page": 1,
            "position": {
                "x": 800.0,
                "y": 64.0
            }
        },
        {
            "id": 0,
            "page": 1,
            "position": {
                "x": 768.0,
                "y": 64.0
            }
        },
        {
            "id": 0,
            "page": 1,
            "position": {
                "x": 832.0,
                "y": 128.0
            }
        },
        {
            "id": 12,
            "page": 2,
            "position": {
                "x": 1040.0,
                "y": 285.0
            }
        },
        {
            "id": 6,
            "page": 0,
            "position": {
                "x": 192.0,
                "y": 320.0
            }
        },
        {
            "id": 1,
            "page": 1,
            "position": {
                "x": 864.0,
                "y": 64.0
            }
        },
        {
            "id": 6,
            "page": 0,
            "position": {
                "x": 2528.0,
                "y": 288.0
            }
        },
        {
            "id": 6,
            "page": 0,
            "position": {
                "x": 2912.0,
                "y": 320.0
            }
        },
        {
            "id": 4,
            "page": 0,
            "position": {
                "x": 800.0,
                "y": 320.0
            }
        },
        {
            "id": 4,
            "page": 0,
            "position": {
                "x": 2432.0,
                "y": 416.0
            }
        },
        {
            "id": 12,
            "page": 2,
            "position": {
                "x": 848.0,
                "y": 189.0
            }
        },
        {
            "id": 0,
            "page": 1,
            "position": {
                "x": 960.0,
                "y": 192.0
            }
        },
        {
            "id": 6,
            "page": 0,
            "position": {
                "x": 2560.0,
                "y": 288.0
            }
        },
        {
            "id": 0,
            "page": 1,
            "position": {
                "x": 960.0,
                "y": 160.0
            }
        },
        {
            "id": 0,
            "page": 1,
            "position": {
                "x": 512.0,
                "y": 128.0
            }
        },
        {
            "id": 6,
            "page": 0,
            "position": {
                "x": 2912.0,
                "y": 224.0
            }
        },
        {
            "id": 4,
            "page": 0,
            "position": {
                "x": 512.0,
                "y": 416.0
            }
        },
        {
            "id": 6,
            "page": 0,
            "position": {
                "x": 2912.0,
                "y": 256.0
            }
        },
        {
            "id": 4,
            "page": 0,
            "position": {
                "x": 544.0,
                "y": 448.0
            }
        },
        {
            "id": 4,
            "page": 0,
            "position": {
                "x": 2112.0,
                "y": 416.0
            }
        },
        {
            "id": 4,
            "page": 0,
            "position": {
                "x": 2432.0,
                "y": 384.0
            }
        },
        {
            "id": 6,
            "page": 0,
            "position": {
                "x": 2912.0,
                "y": 416.0
            }
        },
        {
            "id": 6,
            "page": 0,
            "position": {
                "x": 2912.0,
                "y": 384.0
            }
        },
        {
            "id": 0,
            "page": 1,
            "position": {
                "x": 416.0,
                "y": 192.0
            }
        },
        {
            "id": 4,
            "page": 0,
            "position": {
                "x": 512.0,
                "y": 320.0
            }
        },
        {
            "id": 4,
            "page": 0,
            "position": {
                "x": 2656.0,
                "y": 320.0
            }
        },
        {
            "id": 4,
            "page": 0,
            "position": {
                "x": 2816.0,
                "y": 384.0
            }
        },
        {
            "id": 4,
            "page": 0,
            "position": {
                "x": 2784.0,
                "y": 384.0
            }
        },
        {
            "id": 6,
            "page": 0,
            "position": {
                "x": 2912.0,
                "y": 352.0
            }
        },
        {
            "id": 4,
            "page": 0,
            "position": {
                "x": 2720.0,
                "y": 320.0
            }
        },
        {
            "id": 4,
            "page": 0,
            "position": {
                "x": 2688.0,
                "y": 320.0
            }
        },
        {
            "id": 4,
            "page": 0,
            "position": {
                "x": 640.0,
                "y": 352.0
            }
        },
        {
            "id": 0,
            "page": 1,
            "position": {
                "x": 448.0,
                "y": 128.0
            }
        },
        {
            "id": 4,
            "page": 0,
            "position": {
                "x": 2624.0,
                "y": 320.0
            }
        },
        {
            "id": 4,
            "page": 0,
            "position": {
                "x": 2752.0,
                "y": 352.0
            }
        },
        {
            "id": 6,
            "page": 0,
            "position": {
                "x": 2624.0,
                "y": 288.0
            }
        },
        {
            "id": 0,
            "page": 1,
            "position": {
                "x": 864.0,
                "y": 128.0
            }
        },
        {
            "id": 4,
            "page": 0,
            "position": {
                "x": 2656.0,
                "y": 384.0
            }
        },
        {
            "id": 0,
            "page": 1,
            "position": {
                "x": 480.0,
                "y": 96.0
            }
        },
        {
            "id": 4,
            "page": 0,
            "position": {
                "x": 2400.0,
                "y": 416.0
            }
        },
        {
            "id": 6,
            "page": 0,
            "position": {
                "x": 1472.0,
                "y": 448.0
            }
        },
        {
            "id": 12,
            "page": 2,
            "position": {
                "x": 528.0,
                "y": 221.0
            }
        },
        {
            "id": 6,
            "page": 0,
            "position": {
                "x": 1760.0,
                "y": 448.0
            }
        },
        {
            "id": 4,
            "page": 0,
            "position": {
                "x": 2880.0,
                "y": 448.0
            }
        },
        {
            "id": 6,
            "page": 0,
            "position": {
                "x": 2720.0,
                "y": 288.0
            }
        },
        {
            "id": 4,
            "page": 0,
            "position": {
                "x": 2560.0,
                "y": 416.0
            }
        },
        {
            "id": 4,
            "page": 0,
            "position": {
                "x": 704.0,
                "y": 320.0
            }
        },
        {
            "id": 4,
            "page": 0,
            "position": {
                "x": 2016.0,
                "y": 416.0
            }
        },
        {
            "id": 4,
            "page": 0,
            "position": {
                "x": 2464.0,
                "y": 352.0
            }
        },
        {
            "id": 4,
            "page": 0,
            "position": {
                "x": 2528.0,
                "y": 352.0
            }
        },
        {
            "id": 4,
            "page": 0,
            "position": {
                "x": 2848.0,
                "y": 352.0
            }
        },
        {
            "id": 4,
            "page": 0,
            "position": {
                "x": 608.0,
                "y": 384.0
            }
        },
        {
            "id": 4,
            "page": 0,
            "position": {
                "x": 2400.0,
                "y": 320.0
            }
        },
        {
            "id": 0,
            "page": 1,
            "position": {
                "x": 1024.0,
                "y": 192.0
            }
        },
        {
            "id": 6,
            "page": 0,
            "position": {
                "x": 256.0,
                "y": 224.0
            }
        },
        {
            "id": 4,
            "page": 0,
            "position": {
                "x": 544.0,
                "y": 256.0
            }
        },
        {
            "id": 6,
            "page": 0,
            "position": {
                "x": 1408.0,
                "y": 320.0
            }
        },
        {
            "id": 4,
            "page": 0,
            "position": {
                "x": 2464.0,
                "y": 416.0
            }
        },
        {
            "id": 4,
            "page": 0,
            "position": {
                "x": 2720.0,
                "y": 448.0
            }
        },
        {
            "id": 4,
            "page": 0,
            "position": {
                "x": 2624.0,
                "y": 384.0
            }
        },
        {
            "id": 6,
            "page": 0,
            "position": {
                "x": 2688.0,
                "y": 288.0
            }
        },
        {
            "id": 12,
            "page": 2,
            "position": {
                "x": 336.0,
                "y": 285.0
            }
        },
        {
            "id": 4,
            "page": 0,
            "position": {
                "x": 2688.0,
                "y": 448.0
            }
        },
        {
            "id": 6,
            "page": 0,
            "position": {
                "x": 2272.0,
                "y": 352.0
            }
        },
        {
            "id": 4,
            "page": 0,
            "position": {
                "x": 2016.0,
                "y": 384.0
            }
        },
        {
            "id": 4,
            "page": 0,
            "position": {
                "x": 2624.0,
                "y": 416.0
            }
        },
        {
            "id": 6,
            "page": 0,
            "position": {
                "x": 1632.0,
                "y": -128.0
            }
        },
        {
            "id": 6,
            "page": 0,
            "position": {
                "x": 2304.0,
                "y": 352.0
            }
        },
        {
            "id": 6,
            "page": 0,
            "position": {
                "x": 2176.0,
                "y": 352.0
            }
        },
        {
            "id": 6,
            "page": 0,
            "position": {
                "x": 192.0,
                "y": 352.0
            }
        },
        {
            "id": 6,
            "page": 0,
            "position": {
                "x": 2144.0,
                "y": 352.0
            }
        },
        {
            "id": 4,
            "page": 0,
            "position": {
                "x": 704.0,
                "y": 384.0
            }
        },
        {
            "id": 6,
            "page": 0,
            "position": {
                "x": 1952.0,
                "y": 352.0
            }
        },
        {
            "id": 4,
            "page": 0,
            "position": {
                "x": 960.0,
                "y": 384.0
            }
        },
        {
            "id": 4,
            "page": 0,
            "position": {
                "x": 2464.0,
                "y": 384.0
            }
        },
        {
            "id": 6,
            "page": 0,
            "position": {
                "x": 1952.0,
                "y": 384.0
            }
        },
        {
            "id": 6,
            "page": 0,
            "position": {
                "x": 1952.0,
                "y": 416.0
            }
        },
        {
            "id": 4,
            "page": 0,
            "position": {
                "x": 2656.0,
                "y": 352.0
            }
        },
        {
            "id": 4,
            "page": 0,
            "position": {
                "x": 992.0,
                "y": 352.0
            }
        },
        {
            "id": 4,
            "page": 0,
            "position": {
                "x": 2720.0,
                "y": 416.0
            }
        },
        {
            "id": 4,
            "page": 0,
            "position": {
                "x": 480.0,
                "y": 416.0
            }
        },
        {
            "id": 4,
            "page": 0,
            "position": {
                "x": 2848.0,
                "y": 416.0
            }
        },
        {
            "id": 4,
            "page": 0,
            "position": {
                "x": 2752.0,
                "y": 320.0
            }
        },
        {
            "id": 6,
            "page": 0,
            "position": {
                "x": 1952.0,
                "y": 448.0
            }
        },
        {
            "id": 6,
            "page": 0,
            "position": {
                "x": 1536.0,
                "y": 448.0
            }
        },
        {
            "id": 10,
            "page": 0,
            "position": {
                "x": 1632.0,
                "y": 32.0
            }
        },
        {
            "id": 4,
            "page": 0,
            "position": {
                "x": 2304.0,
                "y": 448.0
            }
        },
        {
            "id": 6,
            "page": 0,
            "position": {
                "x": 1696.0,
                "y": 448.0
            }
        },
        {
            "id": 6,
            "page": 0,
            "position": {
                "x": 1664.0,
                "y": 448.0
            }
        },
        {
            "id": 14,
            "page": 0,
            "position": {
                "x": 1568.0,
                "y": 416.0
            }
        },
        {
            "id": 4,
            "page": 0,
            "position": {
                "x": 2080.0,
                "y": 416.0
            }
        },
        {
            "id": 6,
            "page": 0,
            "position": {
                "x": 1568.0,
                "y": 96.0
            }
        },
        {
            "id": 4,
            "page": 0,
            "position": {
                "x": 2176.0,
                "y": 416.0
            }
        },
        {
            "id": 6,
            "page": 0,
            "position": {
                "x": 1440.0,
                "y": 96.0
            }
        },
        {
            "id": 4,
            "page": 0,
            "position": {
                "x": 608.0,
                "y": 448.0
            }
        },
        {
            "id": 6,
            "page": 0,
            "position": {
                "x": 2336.0,
                "y": 320.0
            }
        },
        {
            "id": 4,
            "page": 0,
            "position": {
                "x": 512.0,
                "y": 448.0
            }
        },
        {
            "id": 6,
            "page": 0,
            "position": {
                "x": 2240.0,
                "y": 352.0
            }
        },
        {
            "id": 13,
            "page": 2,
            "position": {
                "x": 1632.0,
                "y": 128.0
            }
        },
        {
            "id": 6,
            "page": 0,
            "position": {
                "x": 1600.0,
                "y": -128.0
            }
        },
        {
            "id": 4,
            "page": 0,
            "position": {
                "x": 2528.0,
                "y": 416.0
            }
        },
        {
            "id": 6,
            "page": 0,
            "position": {
                "x": 1536.0,
                "y": 416.0
            }
        },
        {
            "id": 6,
            "page": 0,
            "position": {
                "x": 1632.0,
                "y": -32.0
            }
        },
        {
            "id": 4,
            "page": 0,
            "position": {
                "x": 1984.0,
                "y": 448.0
            }
        },
        {
            "id": 6,
            "page": 0,
            "position": {
                "x": 1632.0,
                "y": -64.0
            }
        },
        {
            "id": 6,
            "page": 0,
            "position": {
                "x": 1632.0,
                "y": -96.0
            }
        },
        {
            "id": 6,
            "page": 0,
            "position": {
                "x": 1600.0,
                "y": -32.0
            }
        },
        {
            "id": 4,
            "page": 0,
            "position": {
                "x": 544.0,
                "y": 416.0
            }
        },
        {
            "id": 4,
            "page": 0,
            "position": {
                "x": 704.0,
                "y": 224.0
            }
        },
        {
            "id": 4,
            "page": 0,
            "position": {
                "x": 736.0,
                "y": 256.0
            }
        },
        {
            "id": 10,
            "page": 0,
            "position": {
                "x": 1632.0,
                "y": 0.0
            }
        },
        {
            "id": 10,
            "page": 0,
            "position": {
                "x": 1632.0,
                "y": 64.0
            }
        },
        {
            "id": 6,
            "page": 0,
            "position": {
                "x": 2656.0,
                "y": 288.0
            }
        },
        {
            "id": 6,
            "page": 0,
            "position": {
                "x": 2016.0,
                "y": 352.0
            }
        },
        {
            "id": 9,
            "page": 0,
            "position": {
                "x": 1600.0,
                "y": 0.0
            }
        },
        {
            "id": 18,
            "page": 0,
            "position": {
                "x": 1632.0,
                "y": 96.0
            }
        },
        {
            "id": 9,
            "page": 0,
            "position": {
                "x": 1600.0,
                "y": 64.0
            }
        },
        {
            "end_position": {
                "x": 1248.0,
                "y": 416.0
            },
            "id": 0,
            "page": 4,
            "position": {
                "x": 1248.0,
                "y": 128.0
            },
            "properties": {
                "Speed": 3,
                "isFall": false,
                "isSmooth": true,
                "isWait": false
            }
        },
        {
            "id": 4,
            "page": 0,
            "position": {
                "x": 480.0,
                "y": 448.0
            }
        },
        {
            "id": 4,
            "page": 0,
            "position": {
                "x": 736.0,
                "y": 352.0
            }
        },
        {
            "id": 4,
            "page": 0,
            "position": {
                "x": 960.0,
                "y": 352.0
            }
        },
        {
            "id": 5,
            "page": 2,
            "position": {
                "x": 1408.0,
                "y": 288.0
            }
        },
        {
            "id": 6,
            "page": 0,
            "position": {
                "x": 1824.0,
                "y": 320.0
            }
        },
        {
            "id": 1,
            "page": 1,
            "position": {
                "x": 896.0,
                "y": 64.0
            }
        },
        {
            "id": 4,
            "page": 0,
            "position": {
                "x": 640.0,
                "y": 256.0
            }
        },
        {
            "id": 4,
            "page": 0,
            "position": {
                "x": 608.0,
                "y": 416.0
            }
        },
        {
            "id": 4,
            "page": 0,
            "position": {
                "x": 544.0,
                "y": 288.0
            }
        },
        {
            "id": 4,
            "page": 0,
            "position": {
                "x": 608.0,
                "y": 288.0
            }
        },
        {
            "id": 4,
            "page": 0,
            "position": {
                "x": 832.0,
                "y": 320.0
            }
        },
        {
            "id": 4,
            "page": 0,
            "position": {
                "x": 2784.0,
                "y": 352.0
            }
        },
        {
            "id": 4,
            "page": 0,
            "position": {
                "x": 2848.0,
                "y": 448.0
            }
        },
        {
            "id": 4,
            "page": 0,
            "position": {
                "x": 640.0,
                "y": 320.0
            }
        },
        {
            "id": 6,
            "page": 0,
            "position": {
                "x": 256.0,
                "y": 160.0
            }
        },
        {
            "id": 4,
            "page": 0,
            "position": {
                "x": 2560.0,
                "y": 384.0
            }
        },
        {
            "id": 4,
            "page": 0,
            "position": {
                "x": 640.0,
                "y": 384.0
            }
        },
        {
            "id": 4,
            "page": 0,
            "position": {
                "x": 640.0,
                "y": 448.0
            }
        },
        {
            "id": 4,
            "page": 0,
            "position": {
                "x": 448.0,
                "y": 352.0
            }
        },
        {
            "id": 4,
            "page": 0,
            "position": {
                "x": 512.0,
                "y": 288.0
            }
        },
        {
            "id": 4,
            "page": 0,
            "position": {
                "x": 448.0,
                "y": 416.0
            }
        },
        {
            "id": 6,
            "page": 0,
            "position": {
                "x": 320.0,
                "y": 320.0
            }
        },
        {
            "id": 4,
            "page": 0,
            "position": {
                "x": 2176.0,
                "y": 448.0
            }
        },
        {
            "id": 4,
            "page": 0,
            "position": {
                "x": 544.0,
                "y": 384.0
            }
        },
        {
            "id": 4,
            "page": 0,
            "position": {
                "x": 2496.0,
                "y": 384.0
            }
        },
        {
            "id": 4,
            "page": 0,
            "position": {
                "x": 512.0,
                "y": 384.0
            }
        },
        {
            "id": 4,
            "page": 0,
            "position": {
                "x": 512.0,
                "y": 352.0
            }
        },
        {
            "id": 0,
            "page": 1,
            "position": {
                "x": 448.0,
                "y": 192.0
            }
        },
        {
            "id": 6,
            "page": 0,
            "position": {
                "x": 2880.0,
                "y": 288.0
            }
        },
        {
            "id": 4,
            "page": 0,
            "position": {
                "x": 480.0,
                "y": 384.0
            }
        },
        {
            "id": 6,
            "page": 0,
            "position": {
                "x": 2080.0,
                "y": 352.0
            }
        },
        {
            "id": 4,
            "page": 0,
            "position": {
                "x": 928.0,
                "y": 320.0
            }
        },
        {
            "id": 6,
            "page": 0,
            "position": {
                "x": 2208.0,
                "y": 352.0
            }
        },
        {
            "id": 0,
            "page": 1,
            "position": {
                "x": 480.0,
                "y": 128.0
            }
        },
        {
            "id": 4,
            "page": 0,
            "position": {
                "x": 2336.0,
                "y": 416.0
            }
        },
        {
            "id": 4,
            "page": 0,
            "position": {
                "x": 864.0,
                "y": 288.0
            }
        },
        {
            "id": 4,
            "page": 0,
            "position": {
                "x": 736.0,
                "y": 288.0
            }
        },
        {
            "id": 4,
            "page": 0,
            "position": {
                "x": 704.0,
                "y": 288.0
            }
        },
        {
            "id": 4,
            "page": 0,
            "position": {
                "x": 736.0,
                "y": 320.0
            }
        },
        {
            "id": 4,
            "page": 0,
            "position": {
                "x": 768.0,
                "y": 320.0
            }
        },
        {
            "id": 4,
            "page": 0,
            "position": {
                "x": 2784.0,
                "y": 416.0
            }
        },
        {
            "id": 4,
            "page": 0,
            "position": {
                "x": 2592.0,
                "y": 320.0
            }
        },
        {
            "id": 6,
            "page": 0,
            "position": {
                "x": 1696.0,
                "y": 416.0
            }
        },
        {
            "id": 4,
            "page": 0,
            "position": {
                "x": 896.0,
                "y": 320.0
            }
        },
        {
            "id": 4,
            "page": 0,
            "position": {
                "x": 864.0,
                "y": 320.0
            }
        },
        {
            "id": 6,
            "page": 0,
            "position": {
                "x": 1600.0,
                "y": -96.0
            }
        },
        {
            "id": 4,
            "page": 0,
            "position": {
                "x": 704.0,
                "y": 352.0
            }
        },
        {
            "id": 4,
            "page": 0,
            "position": {
                "x": 768.0,
                "y": 352.0
            }
        },
        {
            "id": 0,
            "page": 1,
            "position": {
                "x": 448.0,
                "y": 160.0
            }
        },
        {
            "id": 4,
            "page": 0,
            "position": {
                "x": 832.0,
                "y": 352.0
            }
        },
        {
            "id": 0,
            "page": 1,
            "position": {
                "x": 448.0,
                "y": 224.0
            }
        },
        {
            "id": 4,
            "page": 0,
            "position": {
                "x": 864.0,
                "y": 352.0
            }
        },
        {
            "id": 4,
            "page": 0,
            "position": {
                "x": 896.0,
                "y": 352.0
            }
        }
    ]
}