{
    "backgrounds": [],
    "exit_gate": {
        "gate_pos": {
            "x": 1664.0,
            "y": 351.0
        },
        "indicator_pos": {
            "x": 1536.0,
            "y": 351.0
        }
    },
    "level_properties": {
        "background_first_color": {
            "a": 1.0,
            "b": 0.529411792755127,
            "g": 0.13543175160884857,
            "r": 0.0
        },
        "background_second_color": {
            "a": 1.0,
            "b": 0.23039215803146362,
            "g": 0.04743367061018944,
            "r": 0.0
        },
        "height": 480.0,
        "music": "DansLaRue",
        "width": 5120.0
    },
    "player_start": {
        "x": 75.0,
        "y": 376.0
    },
    "tiles": [
        {
            "id": 6,
            "page": 1,
            "position": {
                "x": 96.0,
                "y": 96.0
            }
        },
        {
            "id": 6,
            "page": 1,
            "position": {
                "x": 128.0,
                "y": 96.0
            }
        },
        {
            "id": 6,
            "page": 1,
            "position": {
                "x": 160.0,
                "y": 96.0
            }
        },
        {
            "id": 6,
            "page": 1,
            "position": {
                "x": 352.0,
                "y": 96.0
            }
        },
        {
            "id": 3,
            "page": 1,
            "position": {
                "x": 288.0,
                "y": 256.0
            }
        },
        {
            "id": 3,
            "page": 1,
            "position": {
                "x": 256.0,
                "y": 256.0
            }
        },
        {
            "id": 34,
            "page": 0,
            "position": {
                "x": 960.0,
                "y": 448.0
            }
        },
        {
            "id": 30,
            "page": 0,
            "position": {
                "x": 608.0,
                "y": 448.0
            }
        },
        {
            "end_position": {
                "x": 1120.0,
                "y": 448.0
            },
            "id": 0,
            "page": 4,
            "position": {
                "x": 1120.0,
                "y": 224.0
            },
            "properties": {
                "Speed": 3,
                "isFall": false,
                "isSmooth": true,
                "isWait": false
            }
        },
        {
            "id": 5,
            "page": 1,
            "position": {
                "x": 160.0,
                "y": 256.0
            }
        },
        {
            "id": 18,
            "page": 2,
            "position": {
                "x": 927.0,
                "y": 256.0
            }
        },
        {
            "id": 34,
            "page": 0,
            "position": {
                "x": 1056.0,
                "y": 224.0
            }
        },
        {
            "id": 29,
            "page": 0,
            "position": {
                "x": 256.0,
                "y": 416.0
            }
        },
        {
            "id": 34,
            "page": 0,
            "position": {
                "x": 1856.0,
                "y": -96.0
            }
        },
        {
            "id": 34,
            "page": 0,
            "position": {
                "x": 1056.0,
                "y": 256.0
            }
        },
        {
            "id": 34,
            "page": 0,
            "position": {
                "x": 1024.0,
                "y": 448.0
            }
        },
        {
            "id": 34,
            "page": 0,
            "position": {
                "x": 1024.0,
                "y": 288.0
            }
        },
        {
            "id": 44,
            "page": 0,
            "position": {
                "x": 1024.0,
                "y": 256.0
            }
        },
        {
            "id": 44,
            "page": 0,
            "position": {
                "x": 992.0,
                "y": 256.0
            }
        },
        {
            "id": 44,
            "page": 0,
            "position": {
                "x": 960.0,
                "y": 256.0
            }
        },
        {
            "id": 34,
            "page": 0,
            "position": {
                "x": 1216.0,
                "y": 320.0
            }
        },
        {
            "id": 43,
            "page": 0,
            "position": {
                "x": 960.0,
                "y": 224.0
            }
        },
        {
            "id": 3,
            "page": 1,
            "position": {
                "x": 128.0,
                "y": 256.0
            }
        },
        {
            "id": 38,
            "page": 0,
            "position": {
                "x": 672.0,
                "y": 448.0
            }
        },
        {
            "id": 41,
            "page": 0,
            "position": {
                "x": 928.0,
                "y": 224.0
            }
        },
        {
            "id": 34,
            "page": 0,
            "position": {
                "x": 1056.0,
                "y": 448.0
            }
        },
        {
            "id": 16,
            "page": 2,
            "position": {
                "x": 736.0,
                "y": 287.0
            }
        },
        {
            "id": 3,
            "page": 1,
            "position": {
                "x": 192.0,
                "y": 256.0
            }
        },
        {
            "id": 34,
            "page": 0,
            "position": {
                "x": 1856.0,
                "y": -32.0
            }
        },
        {
            "id": 34,
            "page": 0,
            "position": {
                "x": 768.0,
                "y": 288.0
            }
        },
        {
            "id": 38,
            "page": 0,
            "position": {
                "x": 736.0,
                "y": 352.0
            }
        },
        {
            "id": 29,
            "page": 0,
            "position": {
                "x": 64.0,
                "y": 448.0
            }
        },
        {
            "id": 29,
            "page": 0,
            "position": {
                "x": 480.0,
                "y": 448.0
            }
        },
        {
            "id": 34,
            "page": 0,
            "position": {
                "x": 992.0,
                "y": 448.0
            }
        },
        {
            "id": 38,
            "page": 0,
            "position": {
                "x": 736.0,
                "y": 320.0
            }
        },
        {
            "id": 38,
            "page": 0,
            "position": {
                "x": 672.0,
                "y": 416.0
            }
        },
        {
            "id": 38,
            "page": 0,
            "position": {
                "x": 736.0,
                "y": 416.0
            }
        },
        {
            "id": 37,
            "page": 0,
            "position": {
                "x": 704.0,
                "y": 448.0
            }
        },
        {
            "id": 34,
            "page": 0,
            "position": {
                "x": 1408.0,
                "y": 288.0
            }
        },
        {
            "id": 34,
            "page": 0,
            "position": {
                "x": 992.0,
                "y": 288.0
            }
        },
        {
            "id": 37,
            "page": 0,
            "position": {
                "x": 704.0,
                "y": 352.0
            }
        },
        {
            "id": 29,
            "page": 0,
            "position": {
                "x": 288.0,
                "y": 416.0
            }
        },
        {
            "id": 5,
            "page": 1,
            "position": {
                "x": 224.0,
                "y": 256.0
            }
        },
        {
            "id": 37,
            "page": 0,
            "position": {
                "x": 640.0,
                "y": 448.0
            }
        },
        {
            "id": 34,
            "page": 0,
            "position": {
                "x": 1856.0,
                "y": 96.0
            }
        },
        {
            "id": 34,
            "page": 0,
            "position": {
                "x": 1856.0,
                "y": 32.0
            }
        },
        {
            "id": 34,
            "page": 0,
            "position": {
                "x": 960.0,
                "y": 288.0
            }
        },
        {
            "id": 34,
            "page": 0,
            "position": {
                "x": 864.0,
                "y": 288.0
            }
        },
        {
            "id": 37,
            "page": 0,
            "position": {
                "x": 640.0,
                "y": 384.0
            }
        },
        {
            "id": 37,
            "page": 0,
            "position": {
                "x": 704.0,
                "y": 416.0
            }
        },
        {
            "id": 37,
            "page": 0,
            "position": {
                "x": 640.0,
                "y": 352.0
            }
        },
        {
            "id": 34,
            "page": 0,
            "position": {
                "x": 1056.0,
                "y": 288.0
            }
        },
        {
            "id": 26,
            "page": 0,
            "position": {
                "x": 288.0,
                "y": 384.0
            }
        },
        {
            "id": 35,
            "page": 0,
            "position": {
                "x": 640.0,
                "y": 320.0
            }
        },
        {
            "id": 37,
            "page": 0,
            "position": {
                "x": 640.0,
                "y": 416.0
            }
        },
        {
            "id": 29,
            "page": 0,
            "position": {
                "x": 256.0,
                "y": 448.0
            }
        },
        {
            "id": 36,
            "page": 0,
            "position": {
                "x": 672.0,
                "y": 320.0
            }
        },
        {
            "id": 26,
            "page": 0,
            "position": {
                "x": 192.0,
                "y": 384.0
            }
        },
        {
            "id": 37,
            "page": 0,
            "position": {
                "x": 704.0,
                "y": 320.0
            }
        },
        {
            "id": 34,
            "page": 0,
            "position": {
                "x": 544.0,
                "y": 352.0
            }
        },
        {
            "id": 34,
            "page": 0,
            "position": {
                "x": 576.0,
                "y": 320.0
            }
        },
        {
            "id": 29,
            "page": 0,
            "position": {
                "x": 0.0,
                "y": 448.0
            }
        },
        {
            "id": 43,
            "page": 0,
            "position": {
                "x": 1024.0,
                "y": 224.0
            }
        },
        {
            "id": 29,
            "page": 0,
            "position": {
                "x": 576.0,
                "y": 416.0
            }
        },
        {
            "id": 1,
            "page": 1,
            "position": {
                "x": 96.0,
                "y": 256.0
            }
        },
        {
            "id": 6,
            "page": 1,
            "position": {
                "x": 320.0,
                "y": 256.0
            }
        },
        {
            "id": 34,
            "page": 0,
            "position": {
                "x": 1472.0,
                "y": 352.0
            }
        },
        {
            "id": 29,
            "page": 0,
            "position": {
                "x": 416.0,
                "y": 416.0
            }
        },
        {
            "id": 34,
            "page": 0,
            "position": {
                "x": 1280.0,
                "y": 224.0
            }
        },
        {
            "id": 6,
            "page": 1,
            "position": {
                "x": 320.0,
                "y": 96.0
            }
        },
        {
            "id": 29,
            "page": 0,
            "position": {
                "x": 544.0,
                "y": 448.0
            }
        },
        {
            "id": 34,
            "page": 0,
            "position": {
                "x": 1536.0,
                "y": 352.0
            }
        },
        {
            "id": 29,
            "page": 0,
            "position": {
                "x": 384.0,
                "y": 416.0
            }
        },
        {
            "id": 34,
            "page": 0,
            "position": {
                "x": 1408.0,
                "y": 320.0
            }
        },
        {
            "id": 9,
            "page": 2,
            "position": {
                "x": 624.0,
                "y": 223.0
            }
        },
        {
            "id": 26,
            "page": 0,
            "position": {
                "x": 320.0,
                "y": 384.0
            }
        },
        {
            "id": 38,
            "page": 0,
            "position": {
                "x": 672.0,
                "y": 384.0
            }
        },
        {
            "id": 34,
            "page": 0,
            "position": {
                "x": 832.0,
                "y": 288.0
            }
        },
        {
            "id": 29,
            "page": 0,
            "position": {
                "x": 320.0,
                "y": 416.0
            }
        },
        {
            "id": 37,
            "page": 0,
            "position": {
                "x": 704.0,
                "y": 384.0
            }
        },
        {
            "id": 29,
            "page": 0,
            "position": {
                "x": 160.0,
                "y": 416.0
            }
        },
        {
            "id": 29,
            "page": 0,
            "position": {
                "x": 128.0,
                "y": 416.0
            }
        },
        {
            "id": 29,
            "page": 0,
            "position": {
                "x": 352.0,
                "y": 448.0
            }
        },
        {
            "id": 29,
            "page": 0,
            "position": {
                "x": 32.0,
                "y": 416.0
            }
        },
        {
            "id": 29,
            "page": 0,
            "position": {
                "x": 128.0,
                "y": 448.0
            }
        },
        {
            "id": 6,
            "page": 1,
            "position": {
                "x": 384.0,
                "y": 256.0
            }
        },
        {
            "id": 34,
            "page": 0,
            "position": {
                "x": 928.0,
                "y": 448.0
            }
        },
        {
            "id": 34,
            "page": 0,
            "position": {
                "x": 832.0,
                "y": 448.0
            }
        },
        {
            "id": 34,
            "page": 0,
            "position": {
                "x": 864.0,
                "y": 448.0
            }
        },
        {
            "id": 34,
            "page": 0,
            "position": {
                "x": 1856.0,
                "y": 352.0
            }
        },
        {
            "id": 34,
            "page": 0,
            "position": {
                "x": 768.0,
                "y": 448.0
            }
        },
        {
            "id": 6,
            "page": 1,
            "position": {
                "x": 384.0,
                "y": 96.0
            }
        },
        {
            "id": 34,
            "page": 0,
            "position": {
                "x": 1824.0,
                "y": 352.0
            }
        },
        {
            "id": 2,
            "page": 2,
            "position": {
                "x": 240.0,
                "y": 381.0
            }
        },
        {
            "id": 34,
            "page": 0,
            "position": {
                "x": 800.0,
                "y": 448.0
            }
        },
        {
            "id": 34,
            "page": 0,
            "position": {
                "x": 608.0,
                "y": 352.0
            }
        },
        {
            "id": 34,
            "page": 0,
            "position": {
                "x": 1408.0,
                "y": 352.0
            }
        },
        {
            "id": 34,
            "page": 0,
            "position": {
                "x": 1216.0,
                "y": 352.0
            }
        },
        {
            "id": 34,
            "page": 0,
            "position": {
                "x": 1856.0,
                "y": 224.0
            }
        },
        {
            "id": 34,
            "page": 0,
            "position": {
                "x": 1696.0,
                "y": 352.0
            }
        },
        {
            "id": 34,
            "page": 0,
            "position": {
                "x": 1856.0,
                "y": 160.0
            }
        },
        {
            "id": 34,
            "page": 0,
            "position": {
                "x": 896.0,
                "y": 448.0
            }
        },
        {
            "id": 34,
            "page": 0,
            "position": {
                "x": 1856.0,
                "y": 320.0
            }
        },
        {
            "id": 26,
            "page": 0,
            "position": {
                "x": 576.0,
                "y": 384.0
            }
        },
        {
            "id": 29,
            "page": 0,
            "position": {
                "x": 576.0,
                "y": 448.0
            }
        },
        {
            "id": 34,
            "page": 0,
            "position": {
                "x": 896.0,
                "y": 288.0
            }
        },
        {
            "id": 34,
            "page": 0,
            "position": {
                "x": 1216.0,
                "y": 416.0
            }
        },
        {
            "id": 34,
            "page": 0,
            "position": {
                "x": 1728.0,
                "y": 352.0
            }
        },
        {
            "id": 34,
            "page": 0,
            "position": {
                "x": 1856.0,
                "y": 128.0
            }
        },
        {
            "id": 29,
            "page": 0,
            "position": {
                "x": 480.0,
                "y": 416.0
            }
        },
        {
            "id": 34,
            "page": 0,
            "position": {
                "x": 1856.0,
                "y": 64.0
            }
        },
        {
            "id": 34,
            "page": 0,
            "position": {
                "x": 1216.0,
                "y": 288.0
            }
        },
        {
            "id": 38,
            "page": 0,
            "position": {
                "x": 736.0,
                "y": 448.0
            }
        },
        {
            "id": 34,
            "page": 0,
            "position": {
                "x": 1376.0,
                "y": 224.0
            }
        },
        {
            "id": 34,
            "page": 0,
            "position": {
                "x": 1856.0,
                "y": 192.0
            }
        },
        {
            "id": 34,
            "page": 0,
            "position": {
                "x": 1856.0,
                "y": 256.0
            }
        },
        {
            "id": 27,
            "page": 0,
            "position": {
                "x": 608.0,
                "y": 384.0
            }
        },
        {
            "id": 34,
            "page": 0,
            "position": {
                "x": 1408.0,
                "y": 224.0
            }
        },
        {
            "id": 34,
            "page": 0,
            "position": {
                "x": 800.0,
                "y": 288.0
            }
        },
        {
            "id": 34,
            "page": 0,
            "position": {
                "x": 1856.0,
                "y": -128.0
            }
        },
        {
            "id": 26,
            "page": 0,
            "position": {
                "x": 96.0,
                "y": 384.0
            }
        },
        {
            "id": 38,
            "page": 0,
            "position": {
                "x": 672.0,
                "y": 352.0
            }
        },
        {
            "id": 34,
            "page": 0,
            "position": {
                "x": 1408.0,
                "y": 256.0
            }
        },
        {
            "id": 12,
            "page": 2,
            "position": {
                "x": 240.0,
                "y": 253.0
            }
        },
        {
            "id": 34,
            "page": 0,
            "position": {
                "x": 1664.0,
                "y": 352.0
            }
        },
        {
            "id": 34,
            "page": 0,
            "position": {
                "x": 1440.0,
                "y": 352.0
            }
        },
        {
            "id": 29,
            "page": 0,
            "position": {
                "x": 32.0,
                "y": 448.0
            }
        },
        {
            "id": 34,
            "page": 0,
            "position": {
                "x": 1760.0,
                "y": 352.0
            }
        },
        {
            "id": 34,
            "page": 0,
            "position": {
                "x": 1632.0,
                "y": 352.0
            }
        },
        {
            "id": 29,
            "page": 0,
            "position": {
                "x": 544.0,
                "y": 416.0
            }
        },
        {
            "id": 34,
            "page": 0,
            "position": {
                "x": 1600.0,
                "y": 352.0
            }
        },
        {
            "id": 29,
            "page": 0,
            "position": {
                "x": 448.0,
                "y": 448.0
            }
        },
        {
            "id": 34,
            "page": 0,
            "position": {
                "x": 1088.0,
                "y": 288.0
            }
        },
        {
            "id": 34,
            "page": 0,
            "position": {
                "x": 1216.0,
                "y": 448.0
            }
        },
        {
            "id": 34,
            "page": 0,
            "position": {
                "x": 1856.0,
                "y": 288.0
            }
        },
        {
            "id": 34,
            "page": 0,
            "position": {
                "x": 1216.0,
                "y": 384.0
            }
        },
        {
            "id": 34,
            "page": 0,
            "position": {
                "x": 928.0,
                "y": 288.0
            }
        },
        {
            "id": 34,
            "page": 0,
            "position": {
                "x": 1248.0,
                "y": 224.0
            }
        },
        {
            "id": 34,
            "page": 0,
            "position": {
                "x": 1216.0,
                "y": 224.0
            }
        },
        {
            "id": 34,
            "page": 0,
            "position": {
                "x": 1088.0,
                "y": 448.0
            }
        },
        {
            "id": 29,
            "page": 0,
            "position": {
                "x": 96.0,
                "y": 416.0
            }
        },
        {
            "id": 34,
            "page": 0,
            "position": {
                "x": 1504.0,
                "y": 352.0
            }
        },
        {
            "id": 29,
            "page": 0,
            "position": {
                "x": 416.0,
                "y": 448.0
            }
        },
        {
            "id": 29,
            "page": 0,
            "position": {
                "x": 288.0,
                "y": 448.0
            }
        },
        {
            "id": 34,
            "page": 0,
            "position": {
                "x": 1216.0,
                "y": 256.0
            }
        },
        {
            "id": 26,
            "page": 0,
            "position": {
                "x": 0.0,
                "y": 384.0
            }
        },
        {
            "id": 42,
            "page": 0,
            "position": {
                "x": 928.0,
                "y": 256.0
            }
        },
        {
            "id": 34,
            "page": 0,
            "position": {
                "x": 1312.0,
                "y": 224.0
            }
        },
        {
            "id": 34,
            "page": 0,
            "position": {
                "x": 608.0,
                "y": 224.0
            }
        },
        {
            "id": 29,
            "page": 0,
            "position": {
                "x": 352.0,
                "y": 416.0
            }
        },
        {
            "id": 29,
            "page": 0,
            "position": {
                "x": 192.0,
                "y": 416.0
            }
        },
        {
            "id": 26,
            "page": 0,
            "position": {
                "x": 448.0,
                "y": 384.0
            }
        },
        {
            "id": 34,
            "page": 0,
            "position": {
                "x": 1856.0,
                "y": -64.0
            }
        },
        {
            "id": 26,
            "page": 0,
            "position": {
                "x": 64.0,
                "y": 384.0
            }
        },
        {
            "id": 36,
            "page": 0,
            "position": {
                "x": 736.0,
                "y": 288.0
            }
        },
        {
            "id": 34,
            "page": 0,
            "position": {
                "x": 1568.0,
                "y": 352.0
            }
        },
        {
            "id": 29,
            "page": 0,
            "position": {
                "x": 512.0,
                "y": 448.0
            }
        },
        {
            "id": 26,
            "page": 0,
            "position": {
                "x": 32.0,
                "y": 384.0
            }
        },
        {
            "id": 2,
            "page": 2,
            "position": {
                "x": 368.0,
                "y": 381.0
            }
        },
        {
            "id": 26,
            "page": 0,
            "position": {
                "x": 256.0,
                "y": 384.0
            }
        },
        {
            "id": 26,
            "page": 0,
            "position": {
                "x": 512.0,
                "y": 384.0
            }
        },
        {
            "id": 29,
            "page": 0,
            "position": {
                "x": 224.0,
                "y": 416.0
            }
        },
        {
            "id": 34,
            "page": 0,
            "position": {
                "x": 1088.0,
                "y": 224.0
            }
        },
        {
            "id": 6,
            "page": 1,
            "position": {
                "x": 352.0,
                "y": 256.0
            }
        },
        {
            "id": 26,
            "page": 0,
            "position": {
                "x": 128.0,
                "y": 384.0
            }
        },
        {
            "id": 43,
            "page": 0,
            "position": {
                "x": 992.0,
                "y": 224.0
            }
        },
        {
            "id": 26,
            "page": 0,
            "position": {
                "x": 160.0,
                "y": 384.0
            }
        },
        {
            "id": 16,
            "page": 2,
            "position": {
                "x": 672.0,
                "y": 319.0
            }
        },
        {
            "id": 26,
            "page": 0,
            "position": {
                "x": 480.0,
                "y": 384.0
            }
        },
        {
            "id": 34,
            "page": 0,
            "position": {
                "x": 1088.0,
                "y": 256.0
            }
        },
        {
            "id": 38,
            "page": 0,
            "position": {
                "x": 736.0,
                "y": 384.0
            }
        },
        {
            "id": 26,
            "page": 0,
            "position": {
                "x": 224.0,
                "y": 384.0
            }
        },
        {
            "id": 26,
            "page": 0,
            "position": {
                "x": 416.0,
                "y": 384.0
            }
        },
        {
            "id": 29,
            "page": 0,
            "position": {
                "x": 64.0,
                "y": 416.0
            }
        },
        {
            "id": 29,
            "page": 0,
            "position": {
                "x": 512.0,
                "y": 416.0
            }
        },
        {
            "id": 29,
            "page": 0,
            "position": {
                "x": 448.0,
                "y": 416.0
            }
        },
        {
            "id": 26,
            "page": 0,
            "position": {
                "x": 352.0,
                "y": 384.0
            }
        },
        {
            "id": 30,
            "page": 0,
            "position": {
                "x": 608.0,
                "y": 416.0
            }
        },
        {
            "id": 29,
            "page": 0,
            "position": {
                "x": 224.0,
                "y": 448.0
            }
        },
        {
            "id": 29,
            "page": 0,
            "position": {
                "x": 384.0,
                "y": 448.0
            }
        },
        {
            "id": 26,
            "page": 0,
            "position": {
                "x": 544.0,
                "y": 384.0
            }
        },
        {
            "id": 34,
            "page": 0,
            "position": {
                "x": 1792.0,
                "y": 352.0
            }
        },
        {
            "id": 29,
            "page": 0,
            "position": {
                "x": 160.0,
                "y": 448.0
            }
        },
        {
            "id": 34,
            "page": 0,
            "position": {
                "x": 1856.0,
                "y": 0.0
            }
        },
        {
            "id": 29,
            "page": 0,
            "position": {
                "x": 0.0,
                "y": 416.0
            }
        },
        {
            "id": 34,
            "page": 0,
            "position": {
                "x": 1344.0,
                "y": 224.0
            }
        },
        {
            "id": 26,
            "page": 0,
            "position": {
                "x": 384.0,
                "y": 384.0
            }
        },
        {
            "id": 29,
            "page": 0,
            "position": {
                "x": 96.0,
                "y": 448.0
            }
        },
        {
            "id": 29,
            "page": 0,
            "position": {
                "x": 320.0,
                "y": 448.0
            }
        },
        {
            "id": 29,
            "page": 0,
            "position": {
                "x": 192.0,
                "y": 448.0
            }
        },
        {
            "id": 34,
            "page": 0,
            "position": {
                "x": 608.0,
                "y": 320.0
            }
        },
        {
            "id": 34,
            "page": 0,
            "position": {
                "x": 576.0,
                "y": 352.0
            }
        },
        {
            "id": 34,
            "page": 0,
            "position": {
                "x": 608.0,
                "y": 288.0
            }
        },
        {
            "id": 34,
            "page": 0,
            "position": {
                "x": 608.0,
                "y": 256.0
            }
        },
        {
            "id": 35,
            "page": 0,
            "position": {
                "x": 704.0,
                "y": 288.0
            }
        }
    ]
}