{
    "backgrounds": [],
    "exit_gate": {
        "gate_pos": {
            "x": 544.0,
            "y": 447.0
        },
        "indicator_pos": {
            "x": 480.0,
            "y": 447.0
        }
    },
    "level_properties": {
        "background_first_color": {
            "a": 1.0,
            "b": 0.9607843160629272,
            "g": 0.5843137502670288,
            "r": 0.45490196347236633
        },
        "background_second_color": {
            "a": 1.0,
            "b": 0.9921568632125854,
            "g": 0.9960784316062927,
            "r": 0.9607843160629272
        },
        "height": 480.0,
        "music": "DansLaRue",
        "width": 640.0
    },
    "player_start": {
        "x": 43.0,
        "y": 440.0
    },
    "tiles": [
        {
            "id": 20,
            "page": 0,
            "position": {
                "x": 96.0,
                "y": 288.0
            }
        },
        {
            "id": 23,
            "page": 0,
            "position": {
                "x": 256.0,
                "y": 256.0
            }
        },
        {
            "id": 6,
            "page": 0,
            "position": {
                "x": 448.0,
                "y": 448.0
            }
        },
        {
            "id": 7,
            "page": 0,
            "position": {
                "x": 160.0,
                "y": 192.0
            }
        },
        {
            "id": 6,
            "page": 0,
            "position": {
                "x": 736.0,
                "y": 192.0
            }
        },
        {
            "id": 6,
            "page": 0,
            "position": {
                "x": 576.0,
                "y": 448.0
            }
        },
        {
            "id": 24,
            "page": 0,
            "position": {
                "x": 256.0,
                "y": 288.0
            }
        },
        {
            "id": 6,
            "page": 0,
            "position": {
                "x": 736.0,
                "y": 128.0
            }
        },
        {
            "id": 21,
            "page": 0,
            "position": {
                "x": 224.0,
                "y": 256.0
            }
        },
        {
            "id": 6,
            "page": 0,
            "position": {
                "x": 64.0,
                "y": 448.0
            }
        },
        {
            "id": 22,
            "page": 0,
            "position": {
                "x": 224.0,
                "y": 288.0
            }
        },
        {
            "id": 8,
            "page": 0,
            "position": {
                "x": 192.0,
                "y": 192.0
            }
        },
        {
            "id": 17,
            "page": 0,
            "position": {
                "x": 160.0,
                "y": 352.0
            }
        },
        {
            "id": 6,
            "page": 0,
            "position": {
                "x": 96.0,
                "y": 448.0
            }
        },
        {
            "id": 18,
            "page": 0,
            "position": {
                "x": 192.0,
                "y": 352.0
            }
        },
        {
            "id": 19,
            "page": 0,
            "position": {
                "x": 96.0,
                "y": 256.0
            }
        },
        {
            "id": 6,
            "page": 0,
            "position": {
                "x": 672.0,
                "y": 448.0
            }
        },
        {
            "id": 9,
            "page": 0,
            "position": {
                "x": 160.0,
                "y": 320.0
            }
        },
        {
            "id": 9,
            "page": 0,
            "position": {
                "x": 160.0,
                "y": 224.0
            }
        },
        {
            "id": 10,
            "page": 0,
            "position": {
                "x": 192.0,
                "y": 224.0
            }
        },
        {
            "id": 10,
            "page": 0,
            "position": {
                "x": 192.0,
                "y": 320.0
            }
        },
        {
            "id": 6,
            "page": 0,
            "position": {
                "x": 128.0,
                "y": 448.0
            }
        },
        {
            "id": 21,
            "page": 0,
            "position": {
                "x": 128.0,
                "y": 256.0
            }
        },
        {
            "id": 6,
            "page": 0,
            "position": {
                "x": 480.0,
                "y": 448.0
            }
        },
        {
            "id": 22,
            "page": 0,
            "position": {
                "x": 128.0,
                "y": 288.0
            }
        },
        {
            "id": 6,
            "page": 0,
            "position": {
                "x": 192.0,
                "y": 256.0
            }
        },
        {
            "id": 6,
            "page": 0,
            "position": {
                "x": 192.0,
                "y": 288.0
            }
        },
        {
            "id": 6,
            "page": 0,
            "position": {
                "x": 160.0,
                "y": 256.0
            }
        },
        {
            "id": 13,
            "page": 2,
            "position": {
                "x": 192.0,
                "y": 384.0
            }
        },
        {
            "id": 6,
            "page": 0,
            "position": {
                "x": 160.0,
                "y": 288.0
            }
        },
        {
            "id": 6,
            "page": 0,
            "position": {
                "x": 352.0,
                "y": 448.0
            }
        },
        {
            "id": 6,
            "page": 0,
            "position": {
                "x": 192.0,
                "y": 448.0
            }
        },
        {
            "id": 6,
            "page": 0,
            "position": {
                "x": 736.0,
                "y": 0.0
            }
        },
        {
            "id": 6,
            "page": 0,
            "position": {
                "x": 544.0,
                "y": 448.0
            }
        },
        {
            "id": 6,
            "page": 0,
            "position": {
                "x": 416.0,
                "y": 448.0
            }
        },
        {
            "id": 6,
            "page": 0,
            "position": {
                "x": 736.0,
                "y": 384.0
            }
        },
        {
            "id": 6,
            "page": 0,
            "position": {
                "x": 768.0,
                "y": 448.0
            }
        },
        {
            "id": 6,
            "page": 0,
            "position": {
                "x": 736.0,
                "y": 448.0
            }
        },
        {
            "id": 6,
            "page": 0,
            "position": {
                "x": 736.0,
                "y": 352.0
            }
        },
        {
            "id": 6,
            "page": 0,
            "position": {
                "x": 608.0,
                "y": 448.0
            }
        },
        {
            "id": 6,
            "page": 0,
            "position": {
                "x": 736.0,
                "y": 320.0
            }
        },
        {
            "id": 6,
            "page": 0,
            "position": {
                "x": 640.0,
                "y": 448.0
            }
        },
        {
            "id": 6,
            "page": 0,
            "position": {
                "x": 736.0,
                "y": 256.0
            }
        },
        {
            "id": 6,
            "page": 0,
            "position": {
                "x": 736.0,
                "y": 288.0
            }
        },
        {
            "id": 6,
            "page": 0,
            "position": {
                "x": 736.0,
                "y": 224.0
            }
        },
        {
            "id": 6,
            "page": 0,
            "position": {
                "x": 736.0,
                "y": 160.0
            }
        },
        {
            "id": 6,
            "page": 0,
            "position": {
                "x": 736.0,
                "y": 96.0
            }
        },
        {
            "id": 6,
            "page": 0,
            "position": {
                "x": 736.0,
                "y": 32.0
            }
        },
        {
            "id": 6,
            "page": 0,
            "position": {
                "x": 736.0,
                "y": 64.0
            }
        },
        {
            "end_position": {
                "x": 352.0,
                "y": 192.0
            },
            "id": 0,
            "page": 4,
            "position": {
                "x": 352.0,
                "y": 384.0
            },
            "properties": {
                "Speed": 3,
                "isFall": false,
                "isSmooth": true,
                "isWait": false
            }
        },
        {
            "end_position": {
                "x": 64.0,
                "y": 96.0
            },
            "id": 0,
            "page": 4,
            "position": {
                "x": 352.0,
                "y": 96.0
            },
            "properties": {
                "Speed": 4,
                "isFall": false,
                "isSmooth": true,
                "isWait": false
            }
        },
        {
            "id": 6,
            "page": 0,
            "position": {
                "x": 0.0,
                "y": 448.0
            }
        },
        {
            "id": 6,
            "page": 0,
            "position": {
                "x": 32.0,
                "y": 448.0
            }
        },
        {
            "id": 6,
            "page": 0,
            "position": {
                "x": 160.0,
                "y": 448.0
            }
        },
        {
            "id": 6,
            "page": 0,
            "position": {
                "x": 224.0,
                "y": 448.0
            }
        },
        {
            "id": 6,
            "page": 0,
            "position": {
                "x": 256.0,
                "y": 448.0
            }
        },
        {
            "id": 6,
            "page": 0,
            "position": {
                "x": 288.0,
                "y": 448.0
            }
        },
        {
            "id": 6,
            "page": 0,
            "position": {
                "x": 320.0,
                "y": 448.0
            }
        },
        {
            "id": 6,
            "page": 0,
            "position": {
                "x": 384.0,
                "y": 448.0
            }
        },
        {
            "id": 6,
            "page": 0,
            "position": {
                "x": 512.0,
                "y": 448.0
            }
        },
        {
            "id": 4,
            "page": 2,
            "position": {
                "x": 192.0,
                "y": 191.0
            }
        },
        {
            "id": 6,
            "page": 0,
            "position": {
                "x": 704.0,
                "y": 448.0
            }
        },
        {
            "id": 6,
            "page": 0,
            "position": {
                "x": 736.0,
                "y": 416.0
            }
        },
        {
            "id": 14,
            "page": 2,
            "position": {
                "x": 95.0,
                "y": 288.0
            }
        },
        {
            "id": 15,
            "page": 2,
            "position": {
                "x": 288.0,
                "y": 288.0
            }
        }
    ]
}