{
    "backgrounds": [
        {
            "name": "GreenBackground",
            "parallax": {
                "x": 0.5,
                "y": 1.0
            }
        }
    ],
    "exit_gate": {
        "gate_pos": {
            "x": 9888.0,
            "y": 415.0
        },
        "indicator_pos": {
            "x": 9792.0,
            "y": 415.0
        }
    },
    "level_properties": {
        "background_first_color": {
            "a": 1.0,
            "b": 0.9607843160629272,
            "g": 0.5843137502670288,
            "r": 0.45490196347236633
        },
        "background_second_color": {
            "a": 1.0,
            "b": 0.9921568632125854,
            "g": 0.9960784316062927,
            "r": 0.9607843160629272
        },
        "height": 480.0,
        "music": "DansLaRue",
        "width": 10016.0
    },
    "player_start": {
        "x": 43.0,
        "y": 408.0
    },
    "tiles": [
        {
            "id": 1,
            "page": 0,
            "position": {
                "x": 6112.0,
                "y": 416.0
            }
        },
        {
            "id": 1,
            "page": 0,
            "position": {
                "x": 1728.0,
                "y": 416.0
            }
        },
        {
            "id": 4,
            "page": 0,
            "position": {
                "x": 480.0,
                "y": 448.0
            }
        },
        {
            "id": 1,
            "page": 0,
            "position": {
                "x": 0.0,
                "y": 416.0
            }
        },
        {
            "id": 1,
            "page": 0,
            "position": {
                "x": 32.0,
                "y": 416.0
            }
        },
        {
            "id": 1,
            "page": 0,
            "position": {
                "x": 5472.0,
                "y": 416.0
            }
        },
        {
            "id": 1,
            "page": 0,
            "position": {
                "x": 832.0,
                "y": 416.0
            }
        },
        {
            "id": 1,
            "page": 0,
            "position": {
                "x": 5248.0,
                "y": 416.0
            }
        },
        {
            "id": 1,
            "page": 0,
            "position": {
                "x": 64.0,
                "y": 416.0
            }
        },
        {
            "id": 1,
            "page": 0,
            "position": {
                "x": 96.0,
                "y": 416.0
            }
        },
        {
            "id": 1,
            "page": 0,
            "position": {
                "x": 6176.0,
                "y": 416.0
            }
        },
        {
            "id": 4,
            "page": 0,
            "position": {
                "x": 0.0,
                "y": 448.0
            }
        },
        {
            "id": 1,
            "page": 0,
            "position": {
                "x": 9664.0,
                "y": 416.0
            }
        },
        {
            "id": 1,
            "page": 0,
            "position": {
                "x": 128.0,
                "y": 416.0
            }
        },
        {
            "id": 1,
            "page": 0,
            "position": {
                "x": 1632.0,
                "y": 416.0
            }
        },
        {
            "id": 1,
            "page": 0,
            "position": {
                "x": 1280.0,
                "y": 416.0
            }
        },
        {
            "id": 1,
            "page": 0,
            "position": {
                "x": 640.0,
                "y": 416.0
            }
        },
        {
            "id": 1,
            "page": 0,
            "position": {
                "x": 192.0,
                "y": 416.0
            }
        },
        {
            "id": 1,
            "page": 0,
            "position": {
                "x": 160.0,
                "y": 416.0
            }
        },
        {
            "id": 1,
            "page": 0,
            "position": {
                "x": 4160.0,
                "y": 416.0
            }
        },
        {
            "id": 1,
            "page": 0,
            "position": {
                "x": 544.0,
                "y": 416.0
            }
        },
        {
            "id": 1,
            "page": 0,
            "position": {
                "x": 7456.0,
                "y": 416.0
            }
        },
        {
            "id": 1,
            "page": 0,
            "position": {
                "x": 5216.0,
                "y": 416.0
            }
        },
        {
            "id": 1,
            "page": 0,
            "position": {
                "x": 288.0,
                "y": 416.0
            }
        },
        {
            "id": 6,
            "page": 0,
            "position": {
                "x": 10112.0,
                "y": 320.0
            }
        },
        {
            "id": 1,
            "page": 0,
            "position": {
                "x": 224.0,
                "y": 416.0
            }
        },
        {
            "id": 4,
            "page": 0,
            "position": {
                "x": 192.0,
                "y": 448.0
            }
        },
        {
            "id": 4,
            "page": 0,
            "position": {
                "x": 352.0,
                "y": 448.0
            }
        },
        {
            "id": 1,
            "page": 0,
            "position": {
                "x": 7872.0,
                "y": 416.0
            }
        },
        {
            "id": 1,
            "page": 0,
            "position": {
                "x": 6624.0,
                "y": 416.0
            }
        },
        {
            "id": 1,
            "page": 0,
            "position": {
                "x": 256.0,
                "y": 416.0
            }
        },
        {
            "id": 1,
            "page": 0,
            "position": {
                "x": 1152.0,
                "y": 416.0
            }
        },
        {
            "id": 4,
            "page": 0,
            "position": {
                "x": 608.0,
                "y": 448.0
            }
        },
        {
            "id": 1,
            "page": 0,
            "position": {
                "x": 320.0,
                "y": 416.0
            }
        },
        {
            "id": 1,
            "page": 0,
            "position": {
                "x": 3840.0,
                "y": 416.0
            }
        },
        {
            "id": 1,
            "page": 0,
            "position": {
                "x": 352.0,
                "y": 416.0
            }
        },
        {
            "id": 1,
            "page": 0,
            "position": {
                "x": 4800.0,
                "y": 416.0
            }
        },
        {
            "id": 1,
            "page": 0,
            "position": {
                "x": 384.0,
                "y": 416.0
            }
        },
        {
            "id": 1,
            "page": 0,
            "position": {
                "x": 9120.0,
                "y": 416.0
            }
        },
        {
            "id": 1,
            "page": 0,
            "position": {
                "x": 6752.0,
                "y": 416.0
            }
        },
        {
            "id": 1,
            "page": 0,
            "position": {
                "x": 416.0,
                "y": 416.0
            }
        },
        {
            "id": 4,
            "page": 0,
            "position": {
                "x": 256.0,
                "y": 448.0
            }
        },
        {
            "id": 1,
            "page": 0,
            "position": {
                "x": 448.0,
                "y": 416.0
            }
        },
        {
            "id": 1,
            "page": 0,
            "position": {
                "x": 2784.0,
                "y": 416.0
            }
        },
        {
            "id": 1,
            "page": 0,
            "position": {
                "x": 480.0,
                "y": 416.0
            }
        },
        {
            "id": 1,
            "page": 0,
            "position": {
                "x": 1088.0,
                "y": 416.0
            }
        },
        {
            "id": 1,
            "page": 0,
            "position": {
                "x": 512.0,
                "y": 416.0
            }
        },
        {
            "id": 1,
            "page": 0,
            "position": {
                "x": 4736.0,
                "y": 416.0
            }
        },
        {
            "id": 1,
            "page": 0,
            "position": {
                "x": 3744.0,
                "y": 416.0
            }
        },
        {
            "id": 1,
            "page": 0,
            "position": {
                "x": 3200.0,
                "y": 416.0
            }
        },
        {
            "id": 1,
            "page": 0,
            "position": {
                "x": 1792.0,
                "y": 416.0
            }
        },
        {
            "id": 1,
            "page": 0,
            "position": {
                "x": 1184.0,
                "y": 416.0
            }
        },
        {
            "id": 1,
            "page": 0,
            "position": {
                "x": 576.0,
                "y": 416.0
            }
        },
        {
            "id": 1,
            "page": 0,
            "position": {
                "x": 608.0,
                "y": 416.0
            }
        },
        {
            "id": 4,
            "page": 0,
            "position": {
                "x": 576.0,
                "y": 448.0
            }
        },
        {
            "id": 1,
            "page": 0,
            "position": {
                "x": 6336.0,
                "y": 416.0
            }
        },
        {
            "id": 4,
            "page": 0,
            "position": {
                "x": 416.0,
                "y": 448.0
            }
        },
        {
            "id": 1,
            "page": 0,
            "position": {
                "x": 5568.0,
                "y": 416.0
            }
        },
        {
            "id": 4,
            "page": 0,
            "position": {
                "x": 544.0,
                "y": 448.0
            }
        },
        {
            "id": 4,
            "page": 0,
            "position": {
                "x": 512.0,
                "y": 448.0
            }
        },
        {
            "id": 1,
            "page": 0,
            "position": {
                "x": 9920.0,
                "y": 416.0
            }
        },
        {
            "id": 4,
            "page": 0,
            "position": {
                "x": 448.0,
                "y": 448.0
            }
        },
        {
            "id": 4,
            "page": 0,
            "position": {
                "x": 384.0,
                "y": 448.0
            }
        },
        {
            "id": 4,
            "page": 0,
            "position": {
                "x": 320.0,
                "y": 448.0
            }
        },
        {
            "id": 4,
            "page": 0,
            "position": {
                "x": 288.0,
                "y": 448.0
            }
        },
        {
            "id": 4,
            "page": 0,
            "position": {
                "x": 224.0,
                "y": 448.0
            }
        },
        {
            "id": 4,
            "page": 0,
            "position": {
                "x": 160.0,
                "y": 448.0
            }
        },
        {
            "id": 4,
            "page": 0,
            "position": {
                "x": 128.0,
                "y": 448.0
            }
        },
        {
            "id": 4,
            "page": 0,
            "position": {
                "x": 96.0,
                "y": 448.0
            }
        },
        {
            "id": 1,
            "page": 0,
            "position": {
                "x": 1600.0,
                "y": 416.0
            }
        },
        {
            "id": 4,
            "page": 0,
            "position": {
                "x": 64.0,
                "y": 448.0
            }
        },
        {
            "id": 1,
            "page": 0,
            "position": {
                "x": 1312.0,
                "y": 416.0
            }
        },
        {
            "id": 4,
            "page": 0,
            "position": {
                "x": 32.0,
                "y": 448.0
            }
        },
        {
            "id": 1,
            "page": 0,
            "position": {
                "x": 6880.0,
                "y": 416.0
            }
        },
        {
            "id": 1,
            "page": 0,
            "position": {
                "x": 672.0,
                "y": 416.0
            }
        },
        {
            "id": 1,
            "page": 0,
            "position": {
                "x": 704.0,
                "y": 416.0
            }
        },
        {
            "id": 6,
            "page": 0,
            "position": {
                "x": 10016.0,
                "y": 416.0
            }
        },
        {
            "id": 1,
            "page": 0,
            "position": {
                "x": 8384.0,
                "y": 416.0
            }
        },
        {
            "id": 1,
            "page": 0,
            "position": {
                "x": 736.0,
                "y": 416.0
            }
        },
        {
            "id": 1,
            "page": 0,
            "position": {
                "x": 1376.0,
                "y": 416.0
            }
        },
        {
            "id": 1,
            "page": 0,
            "position": {
                "x": 768.0,
                "y": 416.0
            }
        },
        {
            "id": 1,
            "page": 0,
            "position": {
                "x": 800.0,
                "y": 416.0
            }
        },
        {
            "id": 1,
            "page": 0,
            "position": {
                "x": 864.0,
                "y": 416.0
            }
        },
        {
            "id": 1,
            "page": 0,
            "position": {
                "x": 896.0,
                "y": 416.0
            }
        },
        {
            "id": 1,
            "page": 0,
            "position": {
                "x": 928.0,
                "y": 416.0
            }
        },
        {
            "id": 1,
            "page": 0,
            "position": {
                "x": 960.0,
                "y": 416.0
            }
        },
        {
            "id": 1,
            "page": 0,
            "position": {
                "x": 992.0,
                "y": 416.0
            }
        },
        {
            "id": 1,
            "page": 0,
            "position": {
                "x": 2400.0,
                "y": 416.0
            }
        },
        {
            "id": 1,
            "page": 0,
            "position": {
                "x": 1024.0,
                "y": 416.0
            }
        },
        {
            "id": 1,
            "page": 0,
            "position": {
                "x": 7968.0,
                "y": 416.0
            }
        },
        {
            "id": 1,
            "page": 0,
            "position": {
                "x": 1056.0,
                "y": 416.0
            }
        },
        {
            "id": 1,
            "page": 0,
            "position": {
                "x": 1344.0,
                "y": 416.0
            }
        },
        {
            "id": 1,
            "page": 0,
            "position": {
                "x": 5696.0,
                "y": 416.0
            }
        },
        {
            "id": 1,
            "page": 0,
            "position": {
                "x": 3392.0,
                "y": 416.0
            }
        },
        {
            "id": 1,
            "page": 0,
            "position": {
                "x": 1120.0,
                "y": 416.0
            }
        },
        {
            "id": 1,
            "page": 0,
            "position": {
                "x": 1248.0,
                "y": 416.0
            }
        },
        {
            "id": 1,
            "page": 0,
            "position": {
                "x": 1216.0,
                "y": 416.0
            }
        },
        {
            "id": 1,
            "page": 0,
            "position": {
                "x": 1408.0,
                "y": 416.0
            }
        },
        {
            "id": 1,
            "page": 0,
            "position": {
                "x": 1440.0,
                "y": 416.0
            }
        },
        {
            "id": 1,
            "page": 0,
            "position": {
                "x": 6656.0,
                "y": 416.0
            }
        },
        {
            "id": 1,
            "page": 0,
            "position": {
                "x": 1472.0,
                "y": 416.0
            }
        },
        {
            "id": 1,
            "page": 0,
            "position": {
                "x": 1504.0,
                "y": 416.0
            }
        },
        {
            "id": 1,
            "page": 0,
            "position": {
                "x": 1664.0,
                "y": 416.0
            }
        },
        {
            "id": 1,
            "page": 0,
            "position": {
                "x": 1536.0,
                "y": 416.0
            }
        },
        {
            "id": 1,
            "page": 0,
            "position": {
                "x": 9248.0,
                "y": 416.0
            }
        },
        {
            "id": 1,
            "page": 0,
            "position": {
                "x": 1568.0,
                "y": 416.0
            }
        },
        {
            "id": 1,
            "page": 0,
            "position": {
                "x": 1696.0,
                "y": 416.0
            }
        },
        {
            "id": 1,
            "page": 0,
            "position": {
                "x": 1760.0,
                "y": 416.0
            }
        },
        {
            "id": 1,
            "page": 0,
            "position": {
                "x": 1824.0,
                "y": 416.0
            }
        },
        {
            "id": 1,
            "page": 0,
            "position": {
                "x": 1856.0,
                "y": 416.0
            }
        },
        {
            "id": 1,
            "page": 0,
            "position": {
                "x": 2688.0,
                "y": 416.0
            }
        },
        {
            "id": 1,
            "page": 0,
            "position": {
                "x": 1888.0,
                "y": 416.0
            }
        },
        {
            "id": 1,
            "page": 0,
            "position": {
                "x": 9408.0,
                "y": 416.0
            }
        },
        {
            "id": 1,
            "page": 0,
            "position": {
                "x": 6528.0,
                "y": 416.0
            }
        },
        {
            "id": 1,
            "page": 0,
            "position": {
                "x": 1920.0,
                "y": 416.0
            }
        },
        {
            "id": 1,
            "page": 0,
            "position": {
                "x": 1952.0,
                "y": 416.0
            }
        },
        {
            "id": 1,
            "page": 0,
            "position": {
                "x": 5056.0,
                "y": 416.0
            }
        },
        {
            "id": 1,
            "page": 0,
            "position": {
                "x": 3520.0,
                "y": 416.0
            }
        },
        {
            "id": 1,
            "page": 0,
            "position": {
                "x": 1984.0,
                "y": 416.0
            }
        },
        {
            "id": 1,
            "page": 0,
            "position": {
                "x": 5792.0,
                "y": 416.0
            }
        },
        {
            "id": 1,
            "page": 0,
            "position": {
                "x": 2016.0,
                "y": 416.0
            }
        },
        {
            "id": 1,
            "page": 0,
            "position": {
                "x": 6048.0,
                "y": 416.0
            }
        },
        {
            "id": 1,
            "page": 0,
            "position": {
                "x": 2048.0,
                "y": 416.0
            }
        },
        {
            "id": 1,
            "page": 0,
            "position": {
                "x": 6784.0,
                "y": 416.0
            }
        },
        {
            "id": 1,
            "page": 0,
            "position": {
                "x": 4352.0,
                "y": 416.0
            }
        },
        {
            "id": 1,
            "page": 0,
            "position": {
                "x": 2080.0,
                "y": 416.0
            }
        },
        {
            "id": 1,
            "page": 0,
            "position": {
                "x": 4832.0,
                "y": 416.0
            }
        },
        {
            "id": 1,
            "page": 0,
            "position": {
                "x": 2112.0,
                "y": 416.0
            }
        },
        {
            "id": 1,
            "page": 0,
            "position": {
                "x": 9600.0,
                "y": 416.0
            }
        },
        {
            "id": 1,
            "page": 0,
            "position": {
                "x": 2144.0,
                "y": 416.0
            }
        },
        {
            "id": 1,
            "page": 0,
            "position": {
                "x": 8544.0,
                "y": 416.0
            }
        },
        {
            "id": 1,
            "page": 0,
            "position": {
                "x": 2176.0,
                "y": 416.0
            }
        },
        {
            "id": 1,
            "page": 0,
            "position": {
                "x": 2208.0,
                "y": 416.0
            }
        },
        {
            "id": 1,
            "page": 0,
            "position": {
                "x": 2240.0,
                "y": 416.0
            }
        },
        {
            "id": 1,
            "page": 0,
            "position": {
                "x": 2272.0,
                "y": 416.0
            }
        },
        {
            "id": 1,
            "page": 0,
            "position": {
                "x": 5184.0,
                "y": 416.0
            }
        },
        {
            "id": 1,
            "page": 0,
            "position": {
                "x": 2304.0,
                "y": 416.0
            }
        },
        {
            "id": 1,
            "page": 0,
            "position": {
                "x": 3584.0,
                "y": 416.0
            }
        },
        {
            "id": 1,
            "page": 0,
            "position": {
                "x": 2336.0,
                "y": 416.0
            }
        },
        {
            "id": 1,
            "page": 0,
            "position": {
                "x": 8096.0,
                "y": 416.0
            }
        },
        {
            "id": 1,
            "page": 0,
            "position": {
                "x": 2368.0,
                "y": 416.0
            }
        },
        {
            "id": 1,
            "page": 0,
            "position": {
                "x": 3936.0,
                "y": 416.0
            }
        },
        {
            "id": 1,
            "page": 0,
            "position": {
                "x": 2432.0,
                "y": 416.0
            }
        },
        {
            "id": 1,
            "page": 0,
            "position": {
                "x": 2464.0,
                "y": 416.0
            }
        },
        {
            "id": 1,
            "page": 0,
            "position": {
                "x": 2496.0,
                "y": 416.0
            }
        },
        {
            "id": 1,
            "page": 0,
            "position": {
                "x": 2528.0,
                "y": 416.0
            }
        },
        {
            "id": 1,
            "page": 0,
            "position": {
                "x": 2560.0,
                "y": 416.0
            }
        },
        {
            "id": 1,
            "page": 0,
            "position": {
                "x": 2592.0,
                "y": 416.0
            }
        },
        {
            "id": 1,
            "page": 0,
            "position": {
                "x": 2624.0,
                "y": 416.0
            }
        },
        {
            "id": 1,
            "page": 0,
            "position": {
                "x": 8160.0,
                "y": 416.0
            }
        },
        {
            "id": 1,
            "page": 0,
            "position": {
                "x": 6720.0,
                "y": 416.0
            }
        },
        {
            "id": 1,
            "page": 0,
            "position": {
                "x": 2656.0,
                "y": 416.0
            }
        },
        {
            "id": 6,
            "page": 0,
            "position": {
                "x": 10112.0,
                "y": 224.0
            }
        },
        {
            "id": 1,
            "page": 0,
            "position": {
                "x": 3360.0,
                "y": 416.0
            }
        },
        {
            "id": 1,
            "page": 0,
            "position": {
                "x": 2720.0,
                "y": 416.0
            }
        },
        {
            "id": 1,
            "page": 0,
            "position": {
                "x": 2752.0,
                "y": 416.0
            }
        },
        {
            "id": 1,
            "page": 0,
            "position": {
                "x": 2816.0,
                "y": 416.0
            }
        },
        {
            "id": 6,
            "page": 0,
            "position": {
                "x": 10112.0,
                "y": 0.0
            }
        },
        {
            "id": 1,
            "page": 0,
            "position": {
                "x": 2848.0,
                "y": 416.0
            }
        },
        {
            "id": 1,
            "page": 0,
            "position": {
                "x": 8736.0,
                "y": 416.0
            }
        },
        {
            "id": 1,
            "page": 0,
            "position": {
                "x": 2880.0,
                "y": 416.0
            }
        },
        {
            "id": 1,
            "page": 0,
            "position": {
                "x": 2912.0,
                "y": 416.0
            }
        },
        {
            "id": 1,
            "page": 0,
            "position": {
                "x": 4000.0,
                "y": 416.0
            }
        },
        {
            "id": 1,
            "page": 0,
            "position": {
                "x": 2944.0,
                "y": 416.0
            }
        },
        {
            "id": 1,
            "page": 0,
            "position": {
                "x": 2976.0,
                "y": 416.0
            }
        },
        {
            "id": 6,
            "page": 0,
            "position": {
                "x": 10112.0,
                "y": 288.0
            }
        },
        {
            "id": 1,
            "page": 0,
            "position": {
                "x": 7328.0,
                "y": 416.0
            }
        },
        {
            "id": 1,
            "page": 0,
            "position": {
                "x": 4192.0,
                "y": 416.0
            }
        },
        {
            "id": 1,
            "page": 0,
            "position": {
                "x": 3008.0,
                "y": 416.0
            }
        },
        {
            "id": 1,
            "page": 0,
            "position": {
                "x": 3040.0,
                "y": 416.0
            }
        },
        {
            "id": 1,
            "page": 0,
            "position": {
                "x": 3072.0,
                "y": 416.0
            }
        },
        {
            "id": 1,
            "page": 0,
            "position": {
                "x": 3104.0,
                "y": 416.0
            }
        },
        {
            "id": 1,
            "page": 0,
            "position": {
                "x": 3136.0,
                "y": 416.0
            }
        },
        {
            "id": 1,
            "page": 0,
            "position": {
                "x": 5600.0,
                "y": 416.0
            }
        },
        {
            "id": 1,
            "page": 0,
            "position": {
                "x": 4256.0,
                "y": 416.0
            }
        },
        {
            "id": 1,
            "page": 0,
            "position": {
                "x": 3168.0,
                "y": 416.0
            }
        },
        {
            "id": 1,
            "page": 0,
            "position": {
                "x": 3232.0,
                "y": 416.0
            }
        },
        {
            "id": 1,
            "page": 0,
            "position": {
                "x": 3264.0,
                "y": 416.0
            }
        },
        {
            "id": 1,
            "page": 0,
            "position": {
                "x": 3296.0,
                "y": 416.0
            }
        },
        {
            "id": 1,
            "page": 0,
            "position": {
                "x": 3328.0,
                "y": 416.0
            }
        },
        {
            "id": 1,
            "page": 0,
            "position": {
                "x": 3424.0,
                "y": 416.0
            }
        },
        {
            "id": 1,
            "page": 0,
            "position": {
                "x": 3456.0,
                "y": 416.0
            }
        },
        {
            "id": 1,
            "page": 0,
            "position": {
                "x": 8032.0,
                "y": 416.0
            }
        },
        {
            "id": 1,
            "page": 0,
            "position": {
                "x": 3488.0,
                "y": 416.0
            }
        },
        {
            "id": 1,
            "page": 0,
            "position": {
                "x": 3552.0,
                "y": 416.0
            }
        },
        {
            "id": 1,
            "page": 0,
            "position": {
                "x": 5024.0,
                "y": 416.0
            }
        },
        {
            "id": 1,
            "page": 0,
            "position": {
                "x": 3616.0,
                "y": 416.0
            }
        },
        {
            "id": 1,
            "page": 0,
            "position": {
                "x": 3648.0,
                "y": 416.0
            }
        },
        {
            "id": 1,
            "page": 0,
            "position": {
                "x": 4224.0,
                "y": 416.0
            }
        },
        {
            "id": 1,
            "page": 0,
            "position": {
                "x": 3680.0,
                "y": 416.0
            }
        },
        {
            "id": 1,
            "page": 0,
            "position": {
                "x": 3712.0,
                "y": 416.0
            }
        },
        {
            "id": 1,
            "page": 0,
            "position": {
                "x": 3776.0,
                "y": 416.0
            }
        },
        {
            "id": 1,
            "page": 0,
            "position": {
                "x": 4640.0,
                "y": 416.0
            }
        },
        {
            "id": 1,
            "page": 0,
            "position": {
                "x": 3808.0,
                "y": 416.0
            }
        },
        {
            "id": 1,
            "page": 0,
            "position": {
                "x": 8256.0,
                "y": 416.0
            }
        },
        {
            "id": 1,
            "page": 0,
            "position": {
                "x": 3872.0,
                "y": 416.0
            }
        },
        {
            "id": 1,
            "page": 0,
            "position": {
                "x": 3904.0,
                "y": 416.0
            }
        },
        {
            "id": 1,
            "page": 0,
            "position": {
                "x": 7168.0,
                "y": 416.0
            }
        },
        {
            "id": 1,
            "page": 0,
            "position": {
                "x": 3968.0,
                "y": 416.0
            }
        },
        {
            "id": 1,
            "page": 0,
            "position": {
                "x": 4032.0,
                "y": 416.0
            }
        },
        {
            "id": 1,
            "page": 0,
            "position": {
                "x": 4064.0,
                "y": 416.0
            }
        },
        {
            "id": 1,
            "page": 0,
            "position": {
                "x": 7552.0,
                "y": 416.0
            }
        },
        {
            "id": 1,
            "page": 0,
            "position": {
                "x": 5120.0,
                "y": 416.0
            }
        },
        {
            "id": 1,
            "page": 0,
            "position": {
                "x": 4096.0,
                "y": 416.0
            }
        },
        {
            "id": 1,
            "page": 0,
            "position": {
                "x": 4128.0,
                "y": 416.0
            }
        },
        {
            "id": 1,
            "page": 0,
            "position": {
                "x": 4288.0,
                "y": 416.0
            }
        },
        {
            "id": 1,
            "page": 0,
            "position": {
                "x": 4320.0,
                "y": 416.0
            }
        },
        {
            "id": 1,
            "page": 0,
            "position": {
                "x": 4672.0,
                "y": 416.0
            }
        },
        {
            "id": 1,
            "page": 0,
            "position": {
                "x": 4384.0,
                "y": 416.0
            }
        },
        {
            "id": 1,
            "page": 0,
            "position": {
                "x": 9024.0,
                "y": 416.0
            }
        },
        {
            "id": 1,
            "page": 0,
            "position": {
                "x": 4416.0,
                "y": 416.0
            }
        },
        {
            "id": 1,
            "page": 0,
            "position": {
                "x": 4448.0,
                "y": 416.0
            }
        },
        {
            "id": 1,
            "page": 0,
            "position": {
                "x": 4480.0,
                "y": 416.0
            }
        },
        {
            "id": 1,
            "page": 0,
            "position": {
                "x": 4512.0,
                "y": 416.0
            }
        },
        {
            "id": 1,
            "page": 0,
            "position": {
                "x": 4544.0,
                "y": 416.0
            }
        },
        {
            "id": 1,
            "page": 0,
            "position": {
                "x": 9888.0,
                "y": 416.0
            }
        },
        {
            "id": 1,
            "page": 0,
            "position": {
                "x": 4576.0,
                "y": 416.0
            }
        },
        {
            "id": 1,
            "page": 0,
            "position": {
                "x": 8000.0,
                "y": 416.0
            }
        },
        {
            "id": 1,
            "page": 0,
            "position": {
                "x": 4608.0,
                "y": 416.0
            }
        },
        {
            "id": 1,
            "page": 0,
            "position": {
                "x": 4704.0,
                "y": 416.0
            }
        },
        {
            "id": 1,
            "page": 0,
            "position": {
                "x": 4768.0,
                "y": 416.0
            }
        },
        {
            "id": 1,
            "page": 0,
            "position": {
                "x": 4864.0,
                "y": 416.0
            }
        },
        {
            "id": 1,
            "page": 0,
            "position": {
                "x": 4896.0,
                "y": 416.0
            }
        },
        {
            "id": 1,
            "page": 0,
            "position": {
                "x": 9152.0,
                "y": 416.0
            }
        },
        {
            "id": 1,
            "page": 0,
            "position": {
                "x": 4928.0,
                "y": 416.0
            }
        },
        {
            "id": 1,
            "page": 0,
            "position": {
                "x": 4960.0,
                "y": 416.0
            }
        },
        {
            "id": 1,
            "page": 0,
            "position": {
                "x": 7904.0,
                "y": 416.0
            }
        },
        {
            "id": 1,
            "page": 0,
            "position": {
                "x": 4992.0,
                "y": 416.0
            }
        },
        {
            "id": 1,
            "page": 0,
            "position": {
                "x": 5088.0,
                "y": 416.0
            }
        },
        {
            "id": 1,
            "page": 0,
            "position": {
                "x": 5152.0,
                "y": 416.0
            }
        },
        {
            "id": 1,
            "page": 0,
            "position": {
                "x": 5280.0,
                "y": 416.0
            }
        },
        {
            "id": 1,
            "page": 0,
            "position": {
                "x": 5312.0,
                "y": 416.0
            }
        },
        {
            "id": 1,
            "page": 0,
            "position": {
                "x": 5344.0,
                "y": 416.0
            }
        },
        {
            "id": 1,
            "page": 0,
            "position": {
                "x": 5376.0,
                "y": 416.0
            }
        },
        {
            "id": 1,
            "page": 0,
            "position": {
                "x": 6816.0,
                "y": 416.0
            }
        },
        {
            "id": 1,
            "page": 0,
            "position": {
                "x": 5408.0,
                "y": 416.0
            }
        },
        {
            "id": 1,
            "page": 0,
            "position": {
                "x": 5440.0,
                "y": 416.0
            }
        },
        {
            "id": 1,
            "page": 0,
            "position": {
                "x": 7520.0,
                "y": 416.0
            }
        },
        {
            "id": 1,
            "page": 0,
            "position": {
                "x": 5504.0,
                "y": 416.0
            }
        },
        {
            "id": 1,
            "page": 0,
            "position": {
                "x": 7936.0,
                "y": 416.0
            }
        },
        {
            "id": 1,
            "page": 0,
            "position": {
                "x": 5536.0,
                "y": 416.0
            }
        },
        {
            "id": 1,
            "page": 0,
            "position": {
                "x": 5824.0,
                "y": 416.0
            }
        },
        {
            "id": 1,
            "page": 0,
            "position": {
                "x": 5632.0,
                "y": 416.0
            }
        },
        {
            "id": 1,
            "page": 0,
            "position": {
                "x": 5664.0,
                "y": 416.0
            }
        },
        {
            "id": 1,
            "page": 0,
            "position": {
                "x": 6304.0,
                "y": 416.0
            }
        },
        {
            "id": 1,
            "page": 0,
            "position": {
                "x": 5728.0,
                "y": 416.0
            }
        },
        {
            "id": 1,
            "page": 0,
            "position": {
                "x": 5760.0,
                "y": 416.0
            }
        },
        {
            "id": 1,
            "page": 0,
            "position": {
                "x": 5856.0,
                "y": 416.0
            }
        },
        {
            "id": 1,
            "page": 0,
            "position": {
                "x": 5888.0,
                "y": 416.0
            }
        },
        {
            "id": 1,
            "page": 0,
            "position": {
                "x": 5920.0,
                "y": 416.0
            }
        },
        {
            "id": 1,
            "page": 0,
            "position": {
                "x": 5952.0,
                "y": 416.0
            }
        },
        {
            "id": 1,
            "page": 0,
            "position": {
                "x": 9376.0,
                "y": 416.0
            }
        },
        {
            "id": 1,
            "page": 0,
            "position": {
                "x": 9056.0,
                "y": 416.0
            }
        },
        {
            "id": 1,
            "page": 0,
            "position": {
                "x": 7776.0,
                "y": 416.0
            }
        },
        {
            "id": 1,
            "page": 0,
            "position": {
                "x": 5984.0,
                "y": 416.0
            }
        },
        {
            "id": 1,
            "page": 0,
            "position": {
                "x": 6016.0,
                "y": 416.0
            }
        },
        {
            "id": 1,
            "page": 0,
            "position": {
                "x": 6080.0,
                "y": 416.0
            }
        },
        {
            "id": 1,
            "page": 0,
            "position": {
                "x": 6144.0,
                "y": 416.0
            }
        },
        {
            "id": 1,
            "page": 0,
            "position": {
                "x": 6208.0,
                "y": 416.0
            }
        },
        {
            "id": 1,
            "page": 0,
            "position": {
                "x": 6240.0,
                "y": 416.0
            }
        },
        {
            "id": 1,
            "page": 0,
            "position": {
                "x": 6272.0,
                "y": 416.0
            }
        },
        {
            "id": 1,
            "page": 0,
            "position": {
                "x": 6368.0,
                "y": 416.0
            }
        },
        {
            "id": 6,
            "page": 0,
            "position": {
                "x": 10112.0,
                "y": 128.0
            }
        },
        {
            "id": 1,
            "page": 0,
            "position": {
                "x": 9312.0,
                "y": 416.0
            }
        },
        {
            "id": 1,
            "page": 0,
            "position": {
                "x": 6400.0,
                "y": 416.0
            }
        },
        {
            "id": 1,
            "page": 0,
            "position": {
                "x": 9184.0,
                "y": 416.0
            }
        },
        {
            "id": 1,
            "page": 0,
            "position": {
                "x": 6432.0,
                "y": 416.0
            }
        },
        {
            "id": 1,
            "page": 0,
            "position": {
                "x": 6464.0,
                "y": 416.0
            }
        },
        {
            "id": 1,
            "page": 0,
            "position": {
                "x": 6496.0,
                "y": 416.0
            }
        },
        {
            "id": 1,
            "page": 0,
            "position": {
                "x": 6560.0,
                "y": 416.0
            }
        },
        {
            "id": 1,
            "page": 0,
            "position": {
                "x": 6592.0,
                "y": 416.0
            }
        },
        {
            "id": 6,
            "page": 0,
            "position": {
                "x": 10112.0,
                "y": 416.0
            }
        },
        {
            "id": 1,
            "page": 0,
            "position": {
                "x": 6688.0,
                "y": 416.0
            }
        },
        {
            "id": 1,
            "page": 0,
            "position": {
                "x": 6848.0,
                "y": 416.0
            }
        },
        {
            "id": 1,
            "page": 0,
            "position": {
                "x": 6912.0,
                "y": 416.0
            }
        },
        {
            "id": 6,
            "page": 0,
            "position": {
                "x": 10112.0,
                "y": 352.0
            }
        },
        {
            "id": 1,
            "page": 0,
            "position": {
                "x": 9984.0,
                "y": 416.0
            }
        },
        {
            "id": 1,
            "page": 0,
            "position": {
                "x": 6944.0,
                "y": 416.0
            }
        },
        {
            "id": 1,
            "page": 0,
            "position": {
                "x": 6976.0,
                "y": 416.0
            }
        },
        {
            "id": 1,
            "page": 0,
            "position": {
                "x": 7008.0,
                "y": 416.0
            }
        },
        {
            "id": 1,
            "page": 0,
            "position": {
                "x": 7040.0,
                "y": 416.0
            }
        },
        {
            "id": 1,
            "page": 0,
            "position": {
                "x": 7072.0,
                "y": 416.0
            }
        },
        {
            "id": 1,
            "page": 0,
            "position": {
                "x": 7104.0,
                "y": 416.0
            }
        },
        {
            "id": 1,
            "page": 0,
            "position": {
                "x": 7136.0,
                "y": 416.0
            }
        },
        {
            "id": 1,
            "page": 0,
            "position": {
                "x": 7200.0,
                "y": 416.0
            }
        },
        {
            "id": 1,
            "page": 0,
            "position": {
                "x": 7232.0,
                "y": 416.0
            }
        },
        {
            "id": 1,
            "page": 0,
            "position": {
                "x": 7264.0,
                "y": 416.0
            }
        },
        {
            "id": 1,
            "page": 0,
            "position": {
                "x": 7296.0,
                "y": 416.0
            }
        },
        {
            "id": 6,
            "page": 0,
            "position": {
                "x": 10048.0,
                "y": 416.0
            }
        },
        {
            "id": 1,
            "page": 0,
            "position": {
                "x": 7360.0,
                "y": 416.0
            }
        },
        {
            "id": 1,
            "page": 0,
            "position": {
                "x": 7392.0,
                "y": 416.0
            }
        },
        {
            "id": 1,
            "page": 0,
            "position": {
                "x": 7424.0,
                "y": 416.0
            }
        },
        {
            "id": 1,
            "page": 0,
            "position": {
                "x": 7488.0,
                "y": 416.0
            }
        },
        {
            "id": 1,
            "page": 0,
            "position": {
                "x": 7584.0,
                "y": 416.0
            }
        },
        {
            "id": 1,
            "page": 0,
            "position": {
                "x": 7616.0,
                "y": 416.0
            }
        },
        {
            "id": 1,
            "page": 0,
            "position": {
                "x": 7648.0,
                "y": 416.0
            }
        },
        {
            "id": 1,
            "page": 0,
            "position": {
                "x": 7680.0,
                "y": 416.0
            }
        },
        {
            "id": 1,
            "page": 0,
            "position": {
                "x": 8800.0,
                "y": 416.0
            }
        },
        {
            "id": 1,
            "page": 0,
            "position": {
                "x": 7712.0,
                "y": 416.0
            }
        },
        {
            "id": 1,
            "page": 0,
            "position": {
                "x": 7744.0,
                "y": 416.0
            }
        },
        {
            "id": 1,
            "page": 0,
            "position": {
                "x": 7808.0,
                "y": 416.0
            }
        },
        {
            "id": 1,
            "page": 0,
            "position": {
                "x": 7840.0,
                "y": 416.0
            }
        },
        {
            "id": 1,
            "page": 0,
            "position": {
                "x": 8064.0,
                "y": 416.0
            }
        },
        {
            "id": 1,
            "page": 0,
            "position": {
                "x": 8128.0,
                "y": 416.0
            }
        },
        {
            "id": 1,
            "page": 0,
            "position": {
                "x": 8192.0,
                "y": 416.0
            }
        },
        {
            "id": 1,
            "page": 0,
            "position": {
                "x": 8224.0,
                "y": 416.0
            }
        },
        {
            "id": 1,
            "page": 0,
            "position": {
                "x": 8288.0,
                "y": 416.0
            }
        },
        {
            "id": 1,
            "page": 0,
            "position": {
                "x": 8320.0,
                "y": 416.0
            }
        },
        {
            "id": 1,
            "page": 0,
            "position": {
                "x": 9344.0,
                "y": 416.0
            }
        },
        {
            "id": 1,
            "page": 0,
            "position": {
                "x": 8352.0,
                "y": 416.0
            }
        },
        {
            "id": 1,
            "page": 0,
            "position": {
                "x": 8416.0,
                "y": 416.0
            }
        },
        {
            "id": 1,
            "page": 0,
            "position": {
                "x": 8448.0,
                "y": 416.0
            }
        },
        {
            "id": 1,
            "page": 0,
            "position": {
                "x": 8480.0,
                "y": 416.0
            }
        },
        {
            "id": 1,
            "page": 0,
            "position": {
                "x": 8512.0,
                "y": 416.0
            }
        },
        {
            "id": 1,
            "page": 0,
            "position": {
                "x": 8576.0,
                "y": 416.0
            }
        },
        {
            "id": 1,
            "page": 0,
            "position": {
                "x": 8608.0,
                "y": 416.0
            }
        },
        {
            "id": 1,
            "page": 0,
            "position": {
                "x": 8640.0,
                "y": 416.0
            }
        },
        {
            "id": 1,
            "page": 0,
            "position": {
                "x": 8672.0,
                "y": 416.0
            }
        },
        {
            "id": 6,
            "page": 0,
            "position": {
                "x": 10112.0,
                "y": 96.0
            }
        },
        {
            "id": 1,
            "page": 0,
            "position": {
                "x": 8704.0,
                "y": 416.0
            }
        },
        {
            "id": 1,
            "page": 0,
            "position": {
                "x": 8768.0,
                "y": 416.0
            }
        },
        {
            "id": 1,
            "page": 0,
            "position": {
                "x": 9856.0,
                "y": 416.0
            }
        },
        {
            "id": 1,
            "page": 0,
            "position": {
                "x": 8832.0,
                "y": 416.0
            }
        },
        {
            "id": 1,
            "page": 0,
            "position": {
                "x": 8864.0,
                "y": 416.0
            }
        },
        {
            "id": 1,
            "page": 0,
            "position": {
                "x": 8896.0,
                "y": 416.0
            }
        },
        {
            "id": 1,
            "page": 0,
            "position": {
                "x": 8928.0,
                "y": 416.0
            }
        },
        {
            "id": 1,
            "page": 0,
            "position": {
                "x": 8960.0,
                "y": 416.0
            }
        },
        {
            "id": 1,
            "page": 0,
            "position": {
                "x": 8992.0,
                "y": 416.0
            }
        },
        {
            "id": 1,
            "page": 0,
            "position": {
                "x": 9088.0,
                "y": 416.0
            }
        },
        {
            "id": 1,
            "page": 0,
            "position": {
                "x": 9216.0,
                "y": 416.0
            }
        },
        {
            "id": 1,
            "page": 0,
            "position": {
                "x": 9280.0,
                "y": 416.0
            }
        },
        {
            "id": 1,
            "page": 0,
            "position": {
                "x": 9440.0,
                "y": 416.0
            }
        },
        {
            "id": 1,
            "page": 0,
            "position": {
                "x": 9472.0,
                "y": 416.0
            }
        },
        {
            "id": 1,
            "page": 0,
            "position": {
                "x": 9504.0,
                "y": 416.0
            }
        },
        {
            "id": 1,
            "page": 0,
            "position": {
                "x": 9536.0,
                "y": 416.0
            }
        },
        {
            "id": 1,
            "page": 0,
            "position": {
                "x": 9568.0,
                "y": 416.0
            }
        },
        {
            "id": 6,
            "page": 0,
            "position": {
                "x": 10080.0,
                "y": 416.0
            }
        },
        {
            "id": 1,
            "page": 0,
            "position": {
                "x": 9632.0,
                "y": 416.0
            }
        },
        {
            "id": 1,
            "page": 0,
            "position": {
                "x": 9696.0,
                "y": 416.0
            }
        },
        {
            "id": 1,
            "page": 0,
            "position": {
                "x": 9728.0,
                "y": 416.0
            }
        },
        {
            "id": 1,
            "page": 0,
            "position": {
                "x": 9760.0,
                "y": 416.0
            }
        },
        {
            "id": 1,
            "page": 0,
            "position": {
                "x": 9792.0,
                "y": 416.0
            }
        },
        {
            "id": 1,
            "page": 0,
            "position": {
                "x": 9824.0,
                "y": 416.0
            }
        },
        {
            "id": 1,
            "page": 0,
            "position": {
                "x": 9952.0,
                "y": 416.0
            }
        },
        {
            "id": 6,
            "page": 0,
            "position": {
                "x": 10112.0,
                "y": 64.0
            }
        },
        {
            "id": 6,
            "page": 0,
            "position": {
                "x": 10144.0,
                "y": 416.0
            }
        },
        {
            "id": 6,
            "page": 0,
            "position": {
                "x": 10112.0,
                "y": 384.0
            }
        },
        {
            "id": 6,
            "page": 0,
            "position": {
                "x": 10112.0,
                "y": 256.0
            }
        },
        {
            "id": 6,
            "page": 0,
            "position": {
                "x": 10112.0,
                "y": 192.0
            }
        },
        {
            "id": 6,
            "page": 0,
            "position": {
                "x": 10112.0,
                "y": 160.0
            }
        },
        {
            "id": 6,
            "page": 0,
            "position": {
                "x": 10112.0,
                "y": 32.0
            }
        }
    ]
}