{
    "backgrounds": [],
    "exit_gate": {
        "gate_pos": {
            "x": 864.0,
            "y": 415.0
        },
        "indicator_pos": {
            "x": 768.0,
            "y": 415.0
        }
    },
    "level_properties": {
        "background_first_color": {
            "a": 1.0,
            "b": 0.9607843160629272,
            "g": 0.5843137502670288,
            "r": 0.45490196347236633
        },
        "background_second_color": {
            "a": 1.0,
            "b": 0.9921568632125854,
            "g": 0.9960784316062927,
            "r": 0.9607843160629272
        },
        "height": 480.0,
        "music": "DansLaRue",
        "width": 1024.0
    },
    "player_start": {
        "x": 107.0,
        "y": 408.0
    },
    "tiles": [
        {
            "id": 3,
            "page": 1,
            "position": {
                "x": 576.0,
                "y": 288.0
            }
        },
        {
            "id": 3,
            "page": 1,
            "position": {
                "x": 256.0,
                "y": 288.0
            }
        },
        {
            "id": 3,
            "page": 1,
            "position": {
                "x": 512.0,
                "y": 288.0
            }
        },
        {
            "id": 3,
            "page": 1,
            "position": {
                "x": 448.0,
                "y": 288.0
            }
        },
        {
            "id": 3,
            "page": 1,
            "position": {
                "x": 384.0,
                "y": 288.0
            }
        },
        {
            "id": 3,
            "page": 1,
            "position": {
                "x": 352.0,
                "y": 288.0
            }
        },
        {
            "id": 3,
            "page": 1,
            "position": {
                "x": 320.0,
                "y": 288.0
            }
        },
        {
            "id": 3,
            "page": 1,
            "position": {
                "x": 544.0,
                "y": 288.0
            }
        },
        {
            "id": 3,
            "page": 1,
            "position": {
                "x": 480.0,
                "y": 288.0
            }
        },
        {
            "id": 3,
            "page": 1,
            "position": {
                "x": 288.0,
                "y": 288.0
            }
        },
        {
            "id": 20,
            "page": 2,
            "position": {
                "x": 440.0,
                "y": 288.0
            }
        },
        {
            "id": 7,
            "page": 2,
            "position": {
                "x": 440.0,
                "y": 416.0
            }
        },
        {
            "id": 6,
            "page": 0,
            "position": {
                "x": 1024.0,
                "y": 32.0
            }
        },
        {
            "id": 6,
            "page": 0,
            "position": {
                "x": 1024.0,
                "y": 64.0
            }
        },
        {
            "id": 6,
            "page": 0,
            "position": {
                "x": 1024.0,
                "y": 160.0
            }
        },
        {
            "id": 6,
            "page": 0,
            "position": {
                "x": 1024.0,
                "y": 192.0
            }
        },
        {
            "id": 6,
            "page": 0,
            "position": {
                "x": 1024.0,
                "y": 256.0
            }
        },
        {
            "id": 6,
            "page": 0,
            "position": {
                "x": 1024.0,
                "y": 288.0
            }
        },
        {
            "id": 6,
            "page": 0,
            "position": {
                "x": 1024.0,
                "y": 320.0
            }
        },
        {
            "id": 6,
            "page": 0,
            "position": {
                "x": 1024.0,
                "y": 352.0
            }
        },
        {
            "id": 6,
            "page": 0,
            "position": {
                "x": 1024.0,
                "y": 384.0
            }
        },
        {
            "id": 4,
            "page": 0,
            "position": {
                "x": 992.0,
                "y": 448.0
            }
        },
        {
            "id": 4,
            "page": 0,
            "position": {
                "x": 960.0,
                "y": 448.0
            }
        },
        {
            "id": 4,
            "page": 0,
            "position": {
                "x": 896.0,
                "y": 448.0
            }
        },
        {
            "id": 1,
            "page": 0,
            "position": {
                "x": 192.0,
                "y": 416.0
            }
        },
        {
            "id": 1,
            "page": 0,
            "position": {
                "x": 224.0,
                "y": 416.0
            }
        },
        {
            "id": 4,
            "page": 0,
            "position": {
                "x": 256.0,
                "y": 448.0
            }
        },
        {
            "id": 1,
            "page": 0,
            "position": {
                "x": 288.0,
                "y": 416.0
            }
        },
        {
            "id": 1,
            "page": 0,
            "position": {
                "x": 960.0,
                "y": 416.0
            }
        },
        {
            "id": 4,
            "page": 0,
            "position": {
                "x": 800.0,
                "y": 448.0
            }
        },
        {
            "id": 1,
            "page": 0,
            "position": {
                "x": 832.0,
                "y": 416.0
            }
        },
        {
            "id": 1,
            "page": 0,
            "position": {
                "x": 928.0,
                "y": 416.0
            }
        },
        {
            "id": 1,
            "page": 0,
            "position": {
                "x": 32.0,
                "y": 416.0
            }
        },
        {
            "id": 4,
            "page": 0,
            "position": {
                "x": 128.0,
                "y": 448.0
            }
        },
        {
            "id": 6,
            "page": 0,
            "position": {
                "x": 1024.0,
                "y": 128.0
            }
        },
        {
            "id": 1,
            "page": 0,
            "position": {
                "x": 352.0,
                "y": 416.0
            }
        },
        {
            "id": 1,
            "page": 0,
            "position": {
                "x": 416.0,
                "y": 416.0
            }
        },
        {
            "id": 4,
            "page": 0,
            "position": {
                "x": 864.0,
                "y": 448.0
            }
        },
        {
            "id": 1,
            "page": 0,
            "position": {
                "x": 992.0,
                "y": 416.0
            }
        },
        {
            "id": 1,
            "page": 0,
            "position": {
                "x": 512.0,
                "y": 416.0
            }
        },
        {
            "id": 1,
            "page": 0,
            "position": {
                "x": 64.0,
                "y": 416.0
            }
        },
        {
            "id": 4,
            "page": 0,
            "position": {
                "x": 0.0,
                "y": 448.0
            }
        },
        {
            "id": 4,
            "page": 0,
            "position": {
                "x": 96.0,
                "y": 448.0
            }
        },
        {
            "id": 1,
            "page": 0,
            "position": {
                "x": 480.0,
                "y": 416.0
            }
        },
        {
            "id": 4,
            "page": 0,
            "position": {
                "x": 640.0,
                "y": 448.0
            }
        },
        {
            "id": 1,
            "page": 0,
            "position": {
                "x": 704.0,
                "y": 416.0
            }
        },
        {
            "id": 1,
            "page": 0,
            "position": {
                "x": 448.0,
                "y": 416.0
            }
        },
        {
            "id": 4,
            "page": 0,
            "position": {
                "x": 32.0,
                "y": 448.0
            }
        },
        {
            "id": 4,
            "page": 0,
            "position": {
                "x": 448.0,
                "y": 448.0
            }
        },
        {
            "id": 4,
            "page": 0,
            "position": {
                "x": 832.0,
                "y": 448.0
            }
        },
        {
            "id": 1,
            "page": 0,
            "position": {
                "x": 576.0,
                "y": 416.0
            }
        },
        {
            "id": 1,
            "page": 0,
            "position": {
                "x": 96.0,
                "y": 416.0
            }
        },
        {
            "id": 1,
            "page": 0,
            "position": {
                "x": 672.0,
                "y": 416.0
            }
        },
        {
            "id": 1,
            "page": 0,
            "position": {
                "x": 544.0,
                "y": 416.0
            }
        },
        {
            "id": 4,
            "page": 0,
            "position": {
                "x": 736.0,
                "y": 448.0
            }
        },
        {
            "id": 1,
            "page": 0,
            "position": {
                "x": 800.0,
                "y": 416.0
            }
        },
        {
            "id": 4,
            "page": 0,
            "position": {
                "x": 416.0,
                "y": 448.0
            }
        },
        {
            "id": 6,
            "page": 0,
            "position": {
                "x": 1024.0,
                "y": 0.0
            }
        },
        {
            "id": 1,
            "page": 0,
            "position": {
                "x": 640.0,
                "y": 416.0
            }
        },
        {
            "id": 4,
            "page": 0,
            "position": {
                "x": 288.0,
                "y": 448.0
            }
        },
        {
            "id": 1,
            "page": 0,
            "position": {
                "x": 896.0,
                "y": 416.0
            }
        },
        {
            "id": 1,
            "page": 0,
            "position": {
                "x": 768.0,
                "y": 416.0
            }
        },
        {
            "id": 1,
            "page": 0,
            "position": {
                "x": 128.0,
                "y": 416.0
            }
        },
        {
            "id": 1,
            "page": 0,
            "position": {
                "x": 256.0,
                "y": 416.0
            }
        },
        {
            "id": 1,
            "page": 0,
            "position": {
                "x": 320.0,
                "y": 416.0
            }
        },
        {
            "id": 1,
            "page": 0,
            "position": {
                "x": 608.0,
                "y": 416.0
            }
        },
        {
            "id": 6,
            "page": 0,
            "position": {
                "x": 1024.0,
                "y": 224.0
            }
        },
        {
            "id": 4,
            "page": 0,
            "position": {
                "x": 192.0,
                "y": 448.0
            }
        },
        {
            "id": 6,
            "page": 0,
            "position": {
                "x": 1024.0,
                "y": 96.0
            }
        },
        {
            "id": 1,
            "page": 0,
            "position": {
                "x": 0.0,
                "y": 416.0
            }
        },
        {
            "id": 4,
            "page": 0,
            "position": {
                "x": 64.0,
                "y": 448.0
            }
        },
        {
            "id": 6,
            "page": 0,
            "position": {
                "x": 1024.0,
                "y": 448.0
            }
        },
        {
            "id": 4,
            "page": 0,
            "position": {
                "x": 384.0,
                "y": 448.0
            }
        },
        {
            "id": 4,
            "page": 0,
            "position": {
                "x": 160.0,
                "y": 448.0
            }
        },
        {
            "id": 1,
            "page": 0,
            "position": {
                "x": 864.0,
                "y": 416.0
            }
        },
        {
            "id": 4,
            "page": 0,
            "position": {
                "x": 768.0,
                "y": 448.0
            }
        },
        {
            "id": 3,
            "page": 1,
            "position": {
                "x": 416.0,
                "y": 288.0
            }
        },
        {
            "id": 4,
            "page": 0,
            "position": {
                "x": 224.0,
                "y": 448.0
            }
        },
        {
            "id": 4,
            "page": 0,
            "position": {
                "x": 928.0,
                "y": 448.0
            }
        },
        {
            "id": 1,
            "page": 0,
            "position": {
                "x": 160.0,
                "y": 416.0
            }
        },
        {
            "id": 4,
            "page": 0,
            "position": {
                "x": 352.0,
                "y": 448.0
            }
        },
        {
            "id": 4,
            "page": 0,
            "position": {
                "x": 320.0,
                "y": 448.0
            }
        },
        {
            "id": 4,
            "page": 0,
            "position": {
                "x": 672.0,
                "y": 448.0
            }
        },
        {
            "id": 4,
            "page": 0,
            "position": {
                "x": 480.0,
                "y": 448.0
            }
        },
        {
            "id": 4,
            "page": 0,
            "position": {
                "x": 512.0,
                "y": 448.0
            }
        },
        {
            "id": 1,
            "page": 0,
            "position": {
                "x": 384.0,
                "y": 416.0
            }
        },
        {
            "id": 4,
            "page": 0,
            "position": {
                "x": 544.0,
                "y": 448.0
            }
        },
        {
            "id": 4,
            "page": 0,
            "position": {
                "x": 576.0,
                "y": 448.0
            }
        },
        {
            "id": 6,
            "page": 0,
            "position": {
                "x": 1024.0,
                "y": 416.0
            }
        },
        {
            "id": 4,
            "page": 0,
            "position": {
                "x": 608.0,
                "y": 448.0
            }
        },
        {
            "id": 1,
            "page": 0,
            "position": {
                "x": 736.0,
                "y": 416.0
            }
        },
        {
            "id": 4,
            "page": 0,
            "position": {
                "x": 704.0,
                "y": 448.0
            }
        }
    ]
}